100,Berget,Giff,Berget.Giff@yopmail.com,Berget.Giff@gmail.com,firefighter
101,Hyacinthe,Catie,Hyacinthe.Catie@yopmail.com,Hyacinthe.Catie@gmail.com,doctor
102,Adele,Joachim,Adele.Joachim@yopmail.com,Adele.Joachim@gmail.com,developer
103,Penelopa,Levey,Penelopa.Levey@yopmail.com,Penelopa.Levey@gmail.com,developer
104,Andree,Bevin,Andree.Bevin@yopmail.com,Andree.Bevin@gmail.com,police_officer
105,Rosaline,Drus,Rosaline.Drus@yopmail.com,Rosaline.Drus@gmail.com,firefighter
106,Maurene,Joeann,Maurene.Joeann@yopmail.com,Maurene.Joeann@gmail.com,developer
107,Eolanda,Cressida,Eolanda.Cressida@yopmail.com,Eolanda.Cressida@gmail.com,worker
108,Susette,Bibi,Susette.Bibi@yopmail.com,Susette.Bibi@gmail.com,police_officer
109,Danika,Sheng,Danika.Sheng@yopmail.com,Danika.Sheng@gmail.com,firefighter
110,Fernande,Seumas,Fernande.Seumas@yopmail.com,Fernande.Seumas@gmail.com,worker
111,Carilyn,Neva,Carilyn.Neva@yopmail.com,Carilyn.Neva@gmail.com,developer
112,Gertrud,Vins,Gertrud.Vins@yopmail.com,Gertrud.Vins@gmail.com,firefighter
113,Fawne,Kimmie,Fawne.Kimmie@yopmail.com,Fawne.Kimmie@gmail.com,developer
114,Dianemarie,Lowry,Dianemarie.Lowry@yopmail.com,Dianemarie.Lowry@gmail.com,firefighter
115,Nessie,Bearnard,Nessie.Bearnard@yopmail.com,Nessie.Bearnard@gmail.com,firefighter
116,Vevay,Robertson,Vevay.Robertson@yopmail.com,Vevay.Robertson@gmail.com,police_officer
117,Janey,Lory,Janey.Lory@yopmail.com,Janey.Lory@gmail.com,developer
118,Taffy,Kendrick,Taffy.Kendrick@yopmail.com,Taffy.Kendrick@gmail.com,doctor
119,Carmencita,Dudley,Carmencita.Dudley@yopmail.com,Carmencita.Dudley@gmail.com,developer
120,Rebeca,Goode,Rebeca.Goode@yopmail.com,Rebeca.Goode@gmail.com,firefighter
121,Marcy,Screens,Marcy.Screens@yopmail.com,Marcy.Screens@gmail.com,police_officer
122,Alyssa,Baudin,Alyssa.Baudin@yopmail.com,Alyssa.Baudin@gmail.com,police_officer
123,Nananne,Rubie,Nananne.Rubie@yopmail.com,Nananne.Rubie@gmail.com,firefighter
124,Brynna,Smitt,Brynna.Smitt@yopmail.com,Brynna.Smitt@gmail.com,police_officer
125,Ebonee,Malina,Ebonee.Malina@yopmail.com,Ebonee.Malina@gmail.com,police_officer
126,Paulita,Hanshaw,Paulita.Hanshaw@yopmail.com,Paulita.Hanshaw@gmail.com,firefighter
127,Nadine,Han,Nadine.Han@yopmail.com,Nadine.Han@gmail.com,worker
128,Zsa_Zsa,Juan,Zsa_Zsa.Juan@yopmail.com,Zsa_Zsa.Juan@gmail.com,doctor
129,Keelia,Carlson,Keelia.Carlson@yopmail.com,Keelia.Carlson@gmail.com,police_officer
130,Verla,Millda,Verla.Millda@yopmail.com,Verla.Millda@gmail.com,doctor
131,Antonietta,Stanwood,Antonietta.Stanwood@yopmail.com,Antonietta.Stanwood@gmail.com,doctor
132,Noelle,Joachim,Noelle.Joachim@yopmail.com,Noelle.Joachim@gmail.com,doctor
133,Stephanie,Serilda,Stephanie.Serilda@yopmail.com,Stephanie.Serilda@gmail.com,doctor
134,Audrie,Brotherson,Audrie.Brotherson@yopmail.com,Audrie.Brotherson@gmail.com,developer
135,Ruthe,Valerio,Ruthe.Valerio@yopmail.com,Ruthe.Valerio@gmail.com,worker
136,Demetris,Carmena,Demetris.Carmena@yopmail.com,Demetris.Carmena@gmail.com,police_officer
137,Gilligan,Henrie,Gilligan.Henrie@yopmail.com,Gilligan.Henrie@gmail.com,doctor
138,Debee,Jarib,Debee.Jarib@yopmail.com,Debee.Jarib@gmail.com,doctor
139,Rubie,Mich,Rubie.Mich@yopmail.com,Rubie.Mich@gmail.com,worker
140,Norine,Gavrila,Norine.Gavrila@yopmail.com,Norine.Gavrila@gmail.com,developer
141,Joy,Westphal,Joy.Westphal@yopmail.com,Joy.Westphal@gmail.com,doctor
142,Tabbatha,Oneida,Tabbatha.Oneida@yopmail.com,Tabbatha.Oneida@gmail.com,developer
143,Calla,Bord,Calla.Bord@yopmail.com,Calla.Bord@gmail.com,firefighter
144,Nyssa,Bohlin,Nyssa.Bohlin@yopmail.com,Nyssa.Bohlin@gmail.com,firefighter
145,Sean,Granoff,Sean.Granoff@yopmail.com,Sean.Granoff@gmail.com,developer
146,Alejandra,Gower,Alejandra.Gower@yopmail.com,Alejandra.Gower@gmail.com,worker
147,Bibby,Loring,Bibby.Loring@yopmail.com,Bibby.Loring@gmail.com,firefighter
148,Nicoli,Sancho,Nicoli.Sancho@yopmail.com,Nicoli.Sancho@gmail.com,firefighter
149,Adriana,Daniele,Adriana.Daniele@yopmail.com,Adriana.Daniele@gmail.com,worker
150,Juliane,Noman,Juliane.Noman@yopmail.com,Juliane.Noman@gmail.com,police_officer
151,Madalyn,Pozzy,Madalyn.Pozzy@yopmail.com,Madalyn.Pozzy@gmail.com,worker
152,Hannis,Oscar,Hannis.Oscar@yopmail.com,Hannis.Oscar@gmail.com,developer
153,Tani,Lubin,Tani.Lubin@yopmail.com,Tani.Lubin@gmail.com,police_officer
154,Phylis,Bari,Phylis.Bari@yopmail.com,Phylis.Bari@gmail.com,police_officer
155,Susette,Parette,Susette.Parette@yopmail.com,Susette.Parette@gmail.com,firefighter
156,Moyna,Fitzsimmons,Moyna.Fitzsimmons@yopmail.com,Moyna.Fitzsimmons@gmail.com,firefighter
157,Marcy,Astra,Marcy.Astra@yopmail.com,Marcy.Astra@gmail.com,police_officer
158,Sharlene,Grobe,Sharlene.Grobe@yopmail.com,Sharlene.Grobe@gmail.com,developer
159,Madeleine,Ries,Madeleine.Ries@yopmail.com,Madeleine.Ries@gmail.com,doctor
160,Janey,Tarrant,Janey.Tarrant@yopmail.com,Janey.Tarrant@gmail.com,developer
161,Caritta,Eliathas,Caritta.Eliathas@yopmail.com,Caritta.Eliathas@gmail.com,firefighter
162,Elfreda,Pulsifer,Elfreda.Pulsifer@yopmail.com,Elfreda.Pulsifer@gmail.com,police_officer
163,Joeann,Ferino,Joeann.Ferino@yopmail.com,Joeann.Ferino@gmail.com,worker
164,Blinni,Rese,Blinni.Rese@yopmail.com,Blinni.Rese@gmail.com,firefighter
165,Donetta,Shelba,Donetta.Shelba@yopmail.com,Donetta.Shelba@gmail.com,doctor
166,Bernie,Parette,Bernie.Parette@yopmail.com,Bernie.Parette@gmail.com,firefighter
167,Orsola,Gilmour,Orsola.Gilmour@yopmail.com,Orsola.Gilmour@gmail.com,doctor
168,Tonia,Belanger,Tonia.Belanger@yopmail.com,Tonia.Belanger@gmail.com,developer
169,Coral,Emerson,Coral.Emerson@yopmail.com,Coral.Emerson@gmail.com,firefighter
170,Joy,Ammann,Joy.Ammann@yopmail.com,Joy.Ammann@gmail.com,developer
171,Fidelia,Chem,Fidelia.Chem@yopmail.com,Fidelia.Chem@gmail.com,developer
172,Barbi,Koziara,Barbi.Koziara@yopmail.com,Barbi.Koziara@gmail.com,doctor
173,Deedee,Iaverne,Deedee.Iaverne@yopmail.com,Deedee.Iaverne@gmail.com,doctor
174,Lulita,Nickola,Lulita.Nickola@yopmail.com,Lulita.Nickola@gmail.com,firefighter
175,Roberta,Audly,Roberta.Audly@yopmail.com,Roberta.Audly@gmail.com,developer
176,Brianna,Audly,Brianna.Audly@yopmail.com,Brianna.Audly@gmail.com,developer
177,Tabbatha,Weaks,Tabbatha.Weaks@yopmail.com,Tabbatha.Weaks@gmail.com,doctor
178,Danny,Shanley,Danny.Shanley@yopmail.com,Danny.Shanley@gmail.com,developer
179,Lynea,Kress,Lynea.Kress@yopmail.com,Lynea.Kress@gmail.com,developer
180,Alex,Clarissa,Alex.Clarissa@yopmail.com,Alex.Clarissa@gmail.com,developer
181,Kirstin,Llovera,Kirstin.Llovera@yopmail.com,Kirstin.Llovera@gmail.com,worker
182,Nessie,Chobot,Nessie.Chobot@yopmail.com,Nessie.Chobot@gmail.com,firefighter
183,Cordi,Morehouse,Cordi.Morehouse@yopmail.com,Cordi.Morehouse@gmail.com,firefighter
184,Malina,Goode,Malina.Goode@yopmail.com,Malina.Goode@gmail.com,doctor
185,Kayla,Hailee,Kayla.Hailee@yopmail.com,Kayla.Hailee@gmail.com,doctor
186,Elfreda,Aprile,Elfreda.Aprile@yopmail.com,Elfreda.Aprile@gmail.com,doctor
187,Averyl,Merriott,Averyl.Merriott@yopmail.com,Averyl.Merriott@gmail.com,worker
188,Rani,Nelsen,Rani.Nelsen@yopmail.com,Rani.Nelsen@gmail.com,doctor
189,Zia,Latini,Zia.Latini@yopmail.com,Zia.Latini@gmail.com,worker
190,Iseabal,Sacken,Iseabal.Sacken@yopmail.com,Iseabal.Sacken@gmail.com,police_officer
191,Annabela,Kronfeld,Annabela.Kronfeld@yopmail.com,Annabela.Kronfeld@gmail.com,developer
192,Marleah,Mayeda,Marleah.Mayeda@yopmail.com,Marleah.Mayeda@gmail.com,doctor
193,Linet,Lauraine,Linet.Lauraine@yopmail.com,Linet.Lauraine@gmail.com,police_officer
194,Lynde,Campball,Lynde.Campball@yopmail.com,Lynde.Campball@gmail.com,worker
195,Isa,Grayce,Isa.Grayce@yopmail.com,Isa.Grayce@gmail.com,worker
196,Micheline,Pelagias,Micheline.Pelagias@yopmail.com,Micheline.Pelagias@gmail.com,firefighter
197,Gwenneth,Gaspard,Gwenneth.Gaspard@yopmail.com,Gwenneth.Gaspard@gmail.com,doctor
198,Adelle,Faust,Adelle.Faust@yopmail.com,Adelle.Faust@gmail.com,firefighter
199,Annora,Ferino,Annora.Ferino@yopmail.com,Annora.Ferino@gmail.com,police_officer
200,Marcy,Tiffa,Marcy.Tiffa@yopmail.com,Marcy.Tiffa@gmail.com,firefighter
201,Frank,Quent,Frank.Quent@yopmail.com,Frank.Quent@gmail.com,doctor
202,Delilah,Pacorro,Delilah.Pacorro@yopmail.com,Delilah.Pacorro@gmail.com,police_officer
203,Andeee,Redmond,Andeee.Redmond@yopmail.com,Andeee.Redmond@gmail.com,worker
204,Bernardine,Sisile,Bernardine.Sisile@yopmail.com,Bernardine.Sisile@gmail.com,doctor
205,Collen,Atcliffe,Collen.Atcliffe@yopmail.com,Collen.Atcliffe@gmail.com,police_officer
206,Genovera,Minetta,Genovera.Minetta@yopmail.com,Genovera.Minetta@gmail.com,firefighter
207,Sidoney,Rosette,Sidoney.Rosette@yopmail.com,Sidoney.Rosette@gmail.com,worker
208,Shaine,Gemini,Shaine.Gemini@yopmail.com,Shaine.Gemini@gmail.com,firefighter
209,Anallese,Wolfgram,Anallese.Wolfgram@yopmail.com,Anallese.Wolfgram@gmail.com,developer
210,Johna,Ade,Johna.Ade@yopmail.com,Johna.Ade@gmail.com,police_officer
211,Dennie,Cath,Dennie.Cath@yopmail.com,Dennie.Cath@gmail.com,doctor
212,Selma,Jobi,Selma.Jobi@yopmail.com,Selma.Jobi@gmail.com,doctor
213,Margarette,Trace,Margarette.Trace@yopmail.com,Margarette.Trace@gmail.com,firefighter
214,Darlleen,Ader,Darlleen.Ader@yopmail.com,Darlleen.Ader@gmail.com,worker
215,Konstance,Ashely,Konstance.Ashely@yopmail.com,Konstance.Ashely@gmail.com,firefighter
216,Priscilla,Lesley,Priscilla.Lesley@yopmail.com,Priscilla.Lesley@gmail.com,developer
217,Coral,Harned,Coral.Harned@yopmail.com,Coral.Harned@gmail.com,police_officer
218,Addia,Hollingsworth,Addia.Hollingsworth@yopmail.com,Addia.Hollingsworth@gmail.com,developer
219,Daryl,Borrell,Daryl.Borrell@yopmail.com,Daryl.Borrell@gmail.com,doctor
220,Fred,Yam,Fred.Yam@yopmail.com,Fred.Yam@gmail.com,police_officer
221,Belinda,Ailyn,Belinda.Ailyn@yopmail.com,Belinda.Ailyn@gmail.com,doctor
222,Violet,Firmin,Violet.Firmin@yopmail.com,Violet.Firmin@gmail.com,doctor
223,Rochette,Shanley,Rochette.Shanley@yopmail.com,Rochette.Shanley@gmail.com,firefighter
224,Maridel,Pierette,Maridel.Pierette@yopmail.com,Maridel.Pierette@gmail.com,doctor
225,Zaria,Even,Zaria.Even@yopmail.com,Zaria.Even@gmail.com,firefighter
226,Krystle,Noman,Krystle.Noman@yopmail.com,Krystle.Noman@gmail.com,worker
227,Louella,Oster,Louella.Oster@yopmail.com,Louella.Oster@gmail.com,police_officer
228,Harrietta,Ophelia,Harrietta.Ophelia@yopmail.com,Harrietta.Ophelia@gmail.com,doctor
229,Caryl,Carey,Caryl.Carey@yopmail.com,Caryl.Carey@gmail.com,doctor
230,Hope,Dominy,Hope.Dominy@yopmail.com,Hope.Dominy@gmail.com,developer
231,Chickie,Diogenes,Chickie.Diogenes@yopmail.com,Chickie.Diogenes@gmail.com,worker
232,Dolli,Schenck,Dolli.Schenck@yopmail.com,Dolli.Schenck@gmail.com,doctor
233,Desirae,Mendez,Desirae.Mendez@yopmail.com,Desirae.Mendez@gmail.com,firefighter
234,Fernande,Koehler,Fernande.Koehler@yopmail.com,Fernande.Koehler@gmail.com,doctor
235,Meghann,Gualtiero,Meghann.Gualtiero@yopmail.com,Meghann.Gualtiero@gmail.com,developer
236,Natka,Nedrud,Natka.Nedrud@yopmail.com,Natka.Nedrud@gmail.com,firefighter
237,Moyna,Pascia,Moyna.Pascia@yopmail.com,Moyna.Pascia@gmail.com,worker
238,Selia,Ophelia,Selia.Ophelia@yopmail.com,Selia.Ophelia@gmail.com,developer
239,Riannon,Gert,Riannon.Gert@yopmail.com,Riannon.Gert@gmail.com,firefighter
240,Jemie,Autrey,Jemie.Autrey@yopmail.com,Jemie.Autrey@gmail.com,developer
241,Jaime,Oscar,Jaime.Oscar@yopmail.com,Jaime.Oscar@gmail.com,developer
242,Max,Bonilla,Max.Bonilla@yopmail.com,Max.Bonilla@gmail.com,police_officer
243,Misha,Dielu,Misha.Dielu@yopmail.com,Misha.Dielu@gmail.com,police_officer
244,Valeda,Marden,Valeda.Marden@yopmail.com,Valeda.Marden@gmail.com,doctor
245,Mary,Schonfeld,Mary.Schonfeld@yopmail.com,Mary.Schonfeld@gmail.com,police_officer
246,Mallory,Freddi,Mallory.Freddi@yopmail.com,Mallory.Freddi@gmail.com,police_officer
247,Jemie,My,Jemie.My@yopmail.com,Jemie.My@gmail.com,worker
248,Valli,Randene,Valli.Randene@yopmail.com,Valli.Randene@gmail.com,developer
249,Shirlee,Moina,Shirlee.Moina@yopmail.com,Shirlee.Moina@gmail.com,doctor
250,Benita,Flita,Benita.Flita@yopmail.com,Benita.Flita@gmail.com,developer
251,Eolanda,Sasnett,Eolanda.Sasnett@yopmail.com,Eolanda.Sasnett@gmail.com,worker
252,Aurelie,Mata,Aurelie.Mata@yopmail.com,Aurelie.Mata@gmail.com,developer
253,Gale,Ackerley,Gale.Ackerley@yopmail.com,Gale.Ackerley@gmail.com,police_officer
254,Rubie,Yam,Rubie.Yam@yopmail.com,Rubie.Yam@gmail.com,developer
255,Ginnie,Penelopa,Ginnie.Penelopa@yopmail.com,Ginnie.Penelopa@gmail.com,police_officer
256,June,Lorenz,June.Lorenz@yopmail.com,June.Lorenz@gmail.com,doctor
257,Alexine,Moina,Alexine.Moina@yopmail.com,Alexine.Moina@gmail.com,police_officer
258,Augustine,Jerald,Augustine.Jerald@yopmail.com,Augustine.Jerald@gmail.com,worker
259,Atlanta,Ramona,Atlanta.Ramona@yopmail.com,Atlanta.Ramona@gmail.com,police_officer
260,Merci,Meter,Merci.Meter@yopmail.com,Merci.Meter@gmail.com,developer
261,Alexine,Zenas,Alexine.Zenas@yopmail.com,Alexine.Zenas@gmail.com,firefighter
262,Raquela,Jillane,Raquela.Jillane@yopmail.com,Raquela.Jillane@gmail.com,doctor
263,Ursulina,Melan,Ursulina.Melan@yopmail.com,Ursulina.Melan@gmail.com,police_officer
264,Melina,Herrera,Melina.Herrera@yopmail.com,Melina.Herrera@gmail.com,worker
265,Shel,Schlosser,Shel.Schlosser@yopmail.com,Shel.Schlosser@gmail.com,police_officer
266,Amelia,Boycey,Amelia.Boycey@yopmail.com,Amelia.Boycey@gmail.com,developer
267,Cherrita,Peti,Cherrita.Peti@yopmail.com,Cherrita.Peti@gmail.com,developer
268,Meriel,Bennie,Meriel.Bennie@yopmail.com,Meriel.Bennie@gmail.com,developer
269,Hannis,Jaylene,Hannis.Jaylene@yopmail.com,Hannis.Jaylene@gmail.com,doctor
270,Etta,Creamer,Etta.Creamer@yopmail.com,Etta.Creamer@gmail.com,police_officer
271,Marline,Stelle,Marline.Stelle@yopmail.com,Marline.Stelle@gmail.com,worker
272,Fredericka,Hortensia,Fredericka.Hortensia@yopmail.com,Fredericka.Hortensia@gmail.com,doctor
273,Elmira,Ahab,Elmira.Ahab@yopmail.com,Elmira.Ahab@gmail.com,police_officer
274,Aurelie,Dex,Aurelie.Dex@yopmail.com,Aurelie.Dex@gmail.com,worker
275,Viki,Cloris,Viki.Cloris@yopmail.com,Viki.Cloris@gmail.com,developer
276,Lanna,Zina,Lanna.Zina@yopmail.com,Lanna.Zina@gmail.com,worker
277,Ellette,Arathorn,Ellette.Arathorn@yopmail.com,Ellette.Arathorn@gmail.com,doctor
278,Marnia,Uird,Marnia.Uird@yopmail.com,Marnia.Uird@gmail.com,doctor
279,Darci,Tound,Darci.Tound@yopmail.com,Darci.Tound@gmail.com,firefighter
280,Sybille,Gaulin,Sybille.Gaulin@yopmail.com,Sybille.Gaulin@gmail.com,doctor
281,Maisey,Arquit,Maisey.Arquit@yopmail.com,Maisey.Arquit@gmail.com,police_officer
282,Agnese,Peti,Agnese.Peti@yopmail.com,Agnese.Peti@gmail.com,firefighter
283,Ernesta,Beebe,Ernesta.Beebe@yopmail.com,Ernesta.Beebe@gmail.com,worker
284,Sophia,Hortensia,Sophia.Hortensia@yopmail.com,Sophia.Hortensia@gmail.com,doctor
285,Brena,Bandeen,Brena.Bandeen@yopmail.com,Brena.Bandeen@gmail.com,firefighter
286,Barbi,Revkah,Barbi.Revkah@yopmail.com,Barbi.Revkah@gmail.com,firefighter
287,Joceline,Gaal,Joceline.Gaal@yopmail.com,Joceline.Gaal@gmail.com,worker
288,Meg,Colyer,Meg.Colyer@yopmail.com,Meg.Colyer@gmail.com,firefighter
289,Zia,Kaete,Zia.Kaete@yopmail.com,Zia.Kaete@gmail.com,doctor
290,Nananne,Morrill,Nananne.Morrill@yopmail.com,Nananne.Morrill@gmail.com,police_officer
291,Glynnis,Cloris,Glynnis.Cloris@yopmail.com,Glynnis.Cloris@gmail.com,developer
292,Ellette,Bartlett,Ellette.Bartlett@yopmail.com,Ellette.Bartlett@gmail.com,worker
293,Myriam,Bari,Myriam.Bari@yopmail.com,Myriam.Bari@gmail.com,police_officer
294,Agathe,Orelee,Agathe.Orelee@yopmail.com,Agathe.Orelee@gmail.com,firefighter
295,Kara-Lynn,Vanni,Kara-Lynn.Vanni@yopmail.com,Kara-Lynn.Vanni@gmail.com,worker
296,Ofilia,Merna,Ofilia.Merna@yopmail.com,Ofilia.Merna@gmail.com,worker
297,Winifred,Gerge,Winifred.Gerge@yopmail.com,Winifred.Gerge@gmail.com,police_officer
298,Leeanne,Bates,Leeanne.Bates@yopmail.com,Leeanne.Bates@gmail.com,developer
299,Maurene,Loring,Maurene.Loring@yopmail.com,Maurene.Loring@gmail.com,firefighter
