100,Berget,Giff,Berget.Giff@yopmail.com,Berget.Giff@gmail.com,firefighter
101,Hyacinthe,Catie,Hyacinthe.Catie@yopmail.com,Hyacinthe.Catie@gmail.com,doctor
102,Adele,Joachim,Adele.Joachim@yopmail.com,Adele.Joachim@gmail.com,developer
103,Penelopa,Levey,Penelopa.Levey@yopmail.com,Penelopa.Levey@gmail.com,developer
104,Andree,Bevin,Andree.Bevin@yopmail.com,Andree.Bevin@gmail.com,police_officer
105,Rosaline,Drus,Rosaline.Drus@yopmail.com,Rosaline.Drus@gmail.com,firefighter
106,Maurene,Joeann,Maurene.Joeann@yopmail.com,Maurene.Joeann@gmail.com,developer
107,Eolanda,Cressida,Eolanda.Cressida@yopmail.com,Eolanda.Cressida@gmail.com,worker
108,Susette,Bibi,Susette.Bibi@yopmail.com,Susette.Bibi@gmail.com,police_officer
109,Danika,Sheng,Danika.Sheng@yopmail.com,Danika.Sheng@gmail.com,firefighter
110,Fernande,Seumas,Fernande.Seumas@yopmail.com,Fernande.Seumas@gmail.com,worker
111,Carilyn,Neva,Carilyn.Neva@yopmail.com,Carilyn.Neva@gmail.com,developer
112,Gertrud,Vins,Gertrud.Vins@yopmail.com,Gertrud.Vins@gmail.com,firefighter
113,Fawne,Kimmie,Fawne.Kimmie@yopmail.com,Fawne.Kimmie@gmail.com,developer
114,Dianemarie,Lowry,Dianemarie.Lowry@yopmail.com,Dianemarie.Lowry@gmail.com,firefighter
115,Nessie,Bearnard,Nessie.Bearnard@yopmail.com,Nessie.Bearnard@gmail.com,firefighter
116,Vevay,Robertson,Vevay.Robertson@yopmail.com,Vevay.Robertson@gmail.com,police_officer
117,Janey,Lory,Janey.Lory@yopmail.com,Janey.Lory@gmail.com,developer
118,Taffy,Kendrick,Taffy.Kendrick@yopmail.com,Taffy.Kendrick@gmail.com,doctor
119,Carmencita,Dudley,Carmencita.Dudley@yopmail.com,Carmencita.Dudley@gmail.com,developer
120,Rebeca,Goode,Rebeca.Goode@yopmail.com,Rebeca.Goode@gmail.com,firefighter
121,Marcy,Screens,Marcy.Screens@yopmail.com,Marcy.Screens@gmail.com,police_officer
122,Alyssa,Baudin,Alyssa.Baudin@yopmail.com,Alyssa.Baudin@gmail.com,police_officer
123,Nananne,Rubie,Nananne.Rubie@yopmail.com,Nananne.Rubie@gmail.com,firefighter
124,Brynna,Smitt,Brynna.Smitt@yopmail.com,Brynna.Smitt@gmail.com,police_officer
125,Ebonee,Malina,Ebonee.Malina@yopmail.com,Ebonee.Malina@gmail.com,police_officer
126,Paulita,Hanshaw,Paulita.Hanshaw@yopmail.com,Paulita.Hanshaw@gmail.com,firefighter
127,Nadine,Han,Nadine.Han@yopmail.com,Nadine.Han@gmail.com,worker
128,Zsa_Zsa,Juan,Zsa_Zsa.Juan@yopmail.com,Zsa_Zsa.Juan@gmail.com,doctor
129,Keelia,Carlson,Keelia.Carlson@yopmail.com,Keelia.Carlson@gmail.com,police_officer
130,Verla,Millda,Verla.Millda@yopmail.com,Verla.Millda@gmail.com,doctor
131,Antonietta,Stanwood,Antonietta.Stanwood@yopmail.com,Antonietta.Stanwood@gmail.com,doctor
132,Noelle,Joachim,Noelle.Joachim@yopmail.com,Noelle.Joachim@gmail.com,doctor
133,Stephanie,Serilda,Stephanie.Serilda@yopmail.com,Stephanie.Serilda@gmail.com,doctor
134,Audrie,Brotherson,Audrie.Brotherson@yopmail.com,Audrie.Brotherson@gmail.com,developer
135,Ruthe,Valerio,Ruthe.Valerio@yopmail.com,Ruthe.Valerio@gmail.com,worker
136,Demetris,Carmena,Demetris.Carmena@yopmail.com,Demetris.Carmena@gmail.com,police_officer
137,Gilligan,Henrie,Gilligan.Henrie@yopmail.com,Gilligan.Henrie@gmail.com,doctor
138,Debee,Jarib,Debee.Jarib@yopmail.com,Debee.Jarib@gmail.com,doctor
139,Rubie,Mich,Rubie.Mich@yopmail.com,Rubie.Mich@gmail.com,worker
140,Norine,Gavrila,Norine.Gavrila@yopmail.com,Norine.Gavrila@gmail.com,developer
141,Joy,Westphal,Joy.Westphal@yopmail.com,Joy.Westphal@gmail.com,doctor
142,Tabbatha,Oneida,Tabbatha.Oneida@yopmail.com,Tabbatha.Oneida@gmail.com,developer
143,Calla,Bord,Calla.Bord@yopmail.com,Calla.Bord@gmail.com,firefighter
144,Nyssa,Bohlin,Nyssa.Bohlin@yopmail.com,Nyssa.Bohlin@gmail.com,firefighter
145,Sean,Granoff,Sean.Granoff@yopmail.com,Sean.Granoff@gmail.com,developer
146,Alejandra,Gower,Alejandra.Gower@yopmail.com,Alejandra.Gower@gmail.com,worker
147,Bibby,Loring,Bibby.Loring@yopmail.com,Bibby.Loring@gmail.com,firefighter
148,Nicoli,Sancho,Nicoli.Sancho@yopmail.com,Nicoli.Sancho@gmail.com,firefighter
149,Adriana,Daniele,Adriana.Daniele@yopmail.com,Adriana.Daniele@gmail.com,worker
150,Juliane,Noman,Juliane.Noman@yopmail.com,Juliane.Noman@gmail.com,police_officer
151,Madalyn,Pozzy,Madalyn.Pozzy@yopmail.com,Madalyn.Pozzy@gmail.com,worker
152,Hannis,Oscar,Hannis.Oscar@yopmail.com,Hannis.Oscar@gmail.com,developer
153,Tani,Lubin,Tani.Lubin@yopmail.com,Tani.Lubin@gmail.com,police_officer
154,Phylis,Bari,Phylis.Bari@yopmail.com,Phylis.Bari@gmail.com,police_officer
155,Susette,Parette,Susette.Parette@yopmail.com,Susette.Parette@gmail.com,firefighter
156,Moyna,Fitzsimmons,Moyna.Fitzsimmons@yopmail.com,Moyna.Fitzsimmons@gmail.com,firefighter
157,Marcy,Astra,Marcy.Astra@yopmail.com,Marcy.Astra@gmail.com,police_officer
158,Sharlene,Grobe,Sharlene.Grobe@yopmail.com,Sharlene.Grobe@gmail.com,developer
159,Madeleine,Ries,Madeleine.Ries@yopmail.com,Madeleine.Ries@gmail.com,doctor
160,Janey,Tarrant,Janey.Tarrant@yopmail.com,Janey.Tarrant@gmail.com,developer
161,Caritta,Eliathas,Caritta.Eliathas@yopmail.com,Caritta.Eliathas@gmail.com,firefighter
162,Elfreda,Pulsifer,Elfreda.Pulsifer@yopmail.com,Elfreda.Pulsifer@gmail.com,police_officer
163,Joeann,Ferino,Joeann.Ferino@yopmail.com,Joeann.Ferino@gmail.com,worker
164,Blinni,Rese,Blinni.Rese@yopmail.com,Blinni.Rese@gmail.com,firefighter
165,Donetta,Shelba,Donetta.Shelba@yopmail.com,Donetta.Shelba@gmail.com,doctor
166,Bernie,Parette,Bernie.Parette@yopmail.com,Bernie.Parette@gmail.com,firefighter
167,Orsola,Gilmour,Orsola.Gilmour@yopmail.com,Orsola.Gilmour@gmail.com,doctor
168,Tonia,Belanger,Tonia.Belanger@yopmail.com,Tonia.Belanger@gmail.com,developer
169,Coral,Emerson,Coral.Emerson@yopmail.com,Coral.Emerson@gmail.com,firefighter
170,Joy,Ammann,Joy.Ammann@yopmail.com,Joy.Ammann@gmail.com,developer
171,Fidelia,Chem,Fidelia.Chem@yopmail.com,Fidelia.Chem@gmail.com,developer
172,Barbi,Koziara,Barbi.Koziara@yopmail.com,Barbi.Koziara@gmail.com,doctor
173,Deedee,Iaverne,Deedee.Iaverne@yopmail.com,Deedee.Iaverne@gmail.com,doctor
174,Lulita,Nickola,Lulita.Nickola@yopmail.com,Lulita.Nickola@gmail.com,firefighter
175,Roberta,Audly,Roberta.Audly@yopmail.com,Roberta.Audly@gmail.com,developer
176,Brianna,Audly,Brianna.Audly@yopmail.com,Brianna.Audly@gmail.com,developer
177,Tabbatha,Weaks,Tabbatha.Weaks@yopmail.com,Tabbatha.Weaks@gmail.com,doctor
178,Danny,Shanley,Danny.Shanley@yopmail.com,Danny.Shanley@gmail.com,developer
179,Lynea,Kress,Lynea.Kress@yopmail.com,Lynea.Kress@gmail.com,developer
180,Alex,Clarissa,Alex.Clarissa@yopmail.com,Alex.Clarissa@gmail.com,developer
181,Kirstin,Llovera,Kirstin.Llovera@yopmail.com,Kirstin.Llovera@gmail.com,worker
182,Nessie,Chobot,Nessie.Chobot@yopmail.com,Nessie.Chobot@gmail.com,firefighter
183,Cordi,Morehouse,Cordi.Morehouse@yopmail.com,Cordi.Morehouse@gmail.com,firefighter
184,Malina,Goode,Malina.Goode@yopmail.com,Malina.Goode@gmail.com,doctor
185,Kayla,Hailee,Kayla.Hailee@yopmail.com,Kayla.Hailee@gmail.com,doctor
186,Elfreda,Aprile,Elfreda.Aprile@yopmail.com,Elfreda.Aprile@gmail.com,doctor
187,Averyl,Merriott,Averyl.Merriott@yopmail.com,Averyl.Merriott@gmail.com,worker
188,Rani,Nelsen,Rani.Nelsen@yopmail.com,Rani.Nelsen@gmail.com,doctor
189,Zia,Latini,Zia.Latini@yopmail.com,Zia.Latini@gmail.com,worker
190,Iseabal,Sacken,Iseabal.Sacken@yopmail.com,Iseabal.Sacken@gmail.com,police_officer
191,Annabela,Kronfeld,Annabela.Kronfeld@yopmail.com,Annabela.Kronfeld@gmail.com,developer
192,Marleah,Mayeda,Marleah.Mayeda@yopmail.com,Marleah.Mayeda@gmail.com,doctor
193,Linet,Lauraine,Linet.Lauraine@yopmail.com,Linet.Lauraine@gmail.com,police_officer
194,Lynde,Campball,Lynde.Campball@yopmail.com,Lynde.Campball@gmail.com,worker
195,Isa,Grayce,Isa.Grayce@yopmail.com,Isa.Grayce@gmail.com,worker
196,Micheline,Pelagias,Micheline.Pelagias@yopmail.com,Micheline.Pelagias@gmail.com,firefighter
197,Gwenneth,Gaspard,Gwenneth.Gaspard@yopmail.com,Gwenneth.Gaspard@gmail.com,doctor
198,Adelle,Faust,Adelle.Faust@yopmail.com,Adelle.Faust@gmail.com,firefighter
199,Annora,Ferino,Annora.Ferino@yopmail.com,Annora.Ferino@gmail.com,police_officer
200,Marcy,Tiffa,Marcy.Tiffa@yopmail.com,Marcy.Tiffa@gmail.com,firefighter
201,Frank,Quent,Frank.Quent@yopmail.com,Frank.Quent@gmail.com,doctor
202,Delilah,Pacorro,Delilah.Pacorro@yopmail.com,Delilah.Pacorro@gmail.com,police_officer
203,Andeee,Redmond,Andeee.Redmond@yopmail.com,Andeee.Redmond@gmail.com,worker
204,Bernardine,Sisile,Bernardine.Sisile@yopmail.com,Bernardine.Sisile@gmail.com,doctor
205,Collen,Atcliffe,Collen.Atcliffe@yopmail.com,Collen.Atcliffe@gmail.com,police_officer
206,Genovera,Minetta,Genovera.Minetta@yopmail.com,Genovera.Minetta@gmail.com,firefighter
207,Sidoney,Rosette,Sidoney.Rosette@yopmail.com,Sidoney.Rosette@gmail.com,worker
208,Shaine,Gemini,Shaine.Gemini@yopmail.com,Shaine.Gemini@gmail.com,firefighter
209,Anallese,Wolfgram,Anallese.Wolfgram@yopmail.com,Anallese.Wolfgram@gmail.com,developer
210,Johna,Ade,Johna.Ade@yopmail.com,Johna.Ade@gmail.com,police_officer
211,Dennie,Cath,Dennie.Cath@yopmail.com,Dennie.Cath@gmail.com,doctor
212,Selma,Jobi,Selma.Jobi@yopmail.com,Selma.Jobi@gmail.com,doctor
213,Margarette,Trace,Margarette.Trace@yopmail.com,Margarette.Trace@gmail.com,firefighter
214,Darlleen,Ader,Darlleen.Ader@yopmail.com,Darlleen.Ader@gmail.com,worker
215,Konstance,Ashely,Konstance.Ashely@yopmail.com,Konstance.Ashely@gmail.com,firefighter
216,Priscilla,Lesley,Priscilla.Lesley@yopmail.com,Priscilla.Lesley@gmail.com,developer
217,Coral,Harned,Coral.Harned@yopmail.com,Coral.Harned@gmail.com,police_officer
218,Addia,Hollingsworth,Addia.Hollingsworth@yopmail.com,Addia.Hollingsworth@gmail.com,developer
219,Daryl,Borrell,Daryl.Borrell@yopmail.com,Daryl.Borrell@gmail.com,doctor
220,Fred,Yam,Fred.Yam@yopmail.com,Fred.Yam@gmail.com,police_officer
221,Belinda,Ailyn,Belinda.Ailyn@yopmail.com,Belinda.Ailyn@gmail.com,doctor
222,Violet,Firmin,Violet.Firmin@yopmail.com,Violet.Firmin@gmail.com,doctor
223,Rochette,Shanley,Rochette.Shanley@yopmail.com,Rochette.Shanley@gmail.com,firefighter
224,Maridel,Pierette,Maridel.Pierette@yopmail.com,Maridel.Pierette@gmail.com,doctor
225,Zaria,Even,Zaria.Even@yopmail.com,Zaria.Even@gmail.com,firefighter
226,Krystle,Noman,Krystle.Noman@yopmail.com,Krystle.Noman@gmail.com,worker
227,Louella,Oster,Louella.Oster@yopmail.com,Louella.Oster@gmail.com,police_officer
228,Harrietta,Ophelia,Harrietta.Ophelia@yopmail.com,Harrietta.Ophelia@gmail.com,doctor
229,Caryl,Carey,Caryl.Carey@yopmail.com,Caryl.Carey@gmail.com,doctor
230,Hope,Dominy,Hope.Dominy@yopmail.com,Hope.Dominy@gmail.com,developer
231,Chickie,Diogenes,Chickie.Diogenes@yopmail.com,Chickie.Diogenes@gmail.com,worker
232,Dolli,Schenck,Dolli.Schenck@yopmail.com,Dolli.Schenck@gmail.com,doctor
233,Desirae,Mendez,Desirae.Mendez@yopmail.com,Desirae.Mendez@gmail.com,firefighter
234,Fernande,Koehler,Fernande.Koehler@yopmail.com,Fernande.Koehler@gmail.com,doctor
235,Meghann,Gualtiero,Meghann.Gualtiero@yopmail.com,Meghann.Gualtiero@gmail.com,developer
236,Natka,Nedrud,Natka.Nedrud@yopmail.com,Natka.Nedrud@gmail.com,firefighter
237,Moyna,Pascia,Moyna.Pascia@yopmail.com,Moyna.Pascia@gmail.com,worker
238,Selia,Ophelia,Selia.Ophelia@yopmail.com,Selia.Ophelia@gmail.com,developer
239,Riannon,Gert,Riannon.Gert@yopmail.com,Riannon.Gert@gmail.com,firefighter
240,Jemie,Autrey,Jemie.Autrey@yopmail.com,Jemie.Autrey@gmail.com,developer
241,Jaime,Oscar,Jaime.Oscar@yopmail.com,Jaime.Oscar@gmail.com,developer
242,Max,Bonilla,Max.Bonilla@yopmail.com,Max.Bonilla@gmail.com,police_officer
243,Misha,Dielu,Misha.Dielu@yopmail.com,Misha.Dielu@gmail.com,police_officer
244,Valeda,Marden,Valeda.Marden@yopmail.com,Valeda.Marden@gmail.com,doctor
245,Mary,Schonfeld,Mary.Schonfeld@yopmail.com,Mary.Schonfeld@gmail.com,police_officer
246,Mallory,Freddi,Mallory.Freddi@yopmail.com,Mallory.Freddi@gmail.com,police_officer
247,Jemie,My,Jemie.My@yopmail.com,Jemie.My@gmail.com,worker
248,Valli,Randene,Valli.Randene@yopmail.com,Valli.Randene@gmail.com,developer
249,Shirlee,Moina,Shirlee.Moina@yopmail.com,Shirlee.Moina@gmail.com,doctor
250,Benita,Flita,Benita.Flita@yopmail.com,Benita.Flita@gmail.com,developer
251,Eolanda,Sasnett,Eolanda.Sasnett@yopmail.com,Eolanda.Sasnett@gmail.com,worker
252,Aurelie,Mata,Aurelie.Mata@yopmail.com,Aurelie.Mata@gmail.com,developer
253,Gale,Ackerley,Gale.Ackerley@yopmail.com,Gale.Ackerley@gmail.com,police_officer
254,Rubie,Yam,Rubie.Yam@yopmail.com,Rubie.Yam@gmail.com,developer
255,Ginnie,Penelopa,Ginnie.Penelopa@yopmail.com,Ginnie.Penelopa@gmail.com,police_officer
256,June,Lorenz,June.Lorenz@yopmail.com,June.Lorenz@gmail.com,doctor
257,Alexine,Moina,Alexine.Moina@yopmail.com,Alexine.Moina@gmail.com,police_officer
258,Augustine,Jerald,Augustine.Jerald@yopmail.com,Augustine.Jerald@gmail.com,worker
259,Atlanta,Ramona,Atlanta.Ramona@yopmail.com,Atlanta.Ramona@gmail.com,police_officer
260,Merci,Meter,Merci.Meter@yopmail.com,Merci.Meter@gmail.com,developer
261,Alexine,Zenas,Alexine.Zenas@yopmail.com,Alexine.Zenas@gmail.com,firefighter
262,Raquela,Jillane,Raquela.Jillane@yopmail.com,Raquela.Jillane@gmail.com,doctor
263,Ursulina,Melan,Ursulina.Melan@yopmail.com,Ursulina.Melan@gmail.com,police_officer
264,Melina,Herrera,Melina.Herrera@yopmail.com,Melina.Herrera@gmail.com,worker
265,Shel,Schlosser,Shel.Schlosser@yopmail.com,Shel.Schlosser@gmail.com,police_officer
266,Amelia,Boycey,Amelia.Boycey@yopmail.com,Amelia.Boycey@gmail.com,developer
267,Cherrita,Peti,Cherrita.Peti@yopmail.com,Cherrita.Peti@gmail.com,developer
268,Meriel,Bennie,Meriel.Bennie@yopmail.com,Meriel.Bennie@gmail.com,developer
269,Hannis,Jaylene,Hannis.Jaylene@yopmail.com,Hannis.Jaylene@gmail.com,doctor
270,Etta,Creamer,Etta.Creamer@yopmail.com,Etta.Creamer@gmail.com,police_officer
271,Marline,Stelle,Marline.Stelle@yopmail.com,Marline.Stelle@gmail.com,worker
272,Fredericka,Hortensia,Fredericka.Hortensia@yopmail.com,Fredericka.Hortensia@gmail.com,doctor
273,Elmira,Ahab,Elmira.Ahab@yopmail.com,Elmira.Ahab@gmail.com,police_officer
274,Aurelie,Dex,Aurelie.Dex@yopmail.com,Aurelie.Dex@gmail.com,worker
275,Viki,Cloris,Viki.Cloris@yopmail.com,Viki.Cloris@gmail.com,developer
276,Lanna,Zina,Lanna.Zina@yopmail.com,Lanna.Zina@gmail.com,worker
277,Ellette,Arathorn,Ellette.Arathorn@yopmail.com,Ellette.Arathorn@gmail.com,doctor
278,Marnia,Uird,Marnia.Uird@yopmail.com,Marnia.Uird@gmail.com,doctor
279,Darci,Tound,Darci.Tound@yopmail.com,Darci.Tound@gmail.com,firefighter
280,Sybille,Gaulin,Sybille.Gaulin@yopmail.com,Sybille.Gaulin@gmail.com,doctor
281,Maisey,Arquit,Maisey.Arquit@yopmail.com,Maisey.Arquit@gmail.com,police_officer
282,Agnese,Peti,Agnese.Peti@yopmail.com,Agnese.Peti@gmail.com,firefighter
283,Ernesta,Beebe,Ernesta.Beebe@yopmail.com,Ernesta.Beebe@gmail.com,worker
284,Sophia,Hortensia,Sophia.Hortensia@yopmail.com,Sophia.Hortensia@gmail.com,doctor
285,Brena,Bandeen,Brena.Bandeen@yopmail.com,Brena.Bandeen@gmail.com,firefighter
286,Barbi,Revkah,Barbi.Revkah@yopmail.com,Barbi.Revkah@gmail.com,firefighter
287,Joceline,Gaal,Joceline.Gaal@yopmail.com,Joceline.Gaal@gmail.com,worker
288,Meg,Colyer,Meg.Colyer@yopmail.com,Meg.Colyer@gmail.com,firefighter
289,Zia,Kaete,Zia.Kaete@yopmail.com,Zia.Kaete@gmail.com,doctor
290,Nananne,Morrill,Nananne.Morrill@yopmail.com,Nananne.Morrill@gmail.com,police_officer
291,Glynnis,Cloris,Glynnis.Cloris@yopmail.com,Glynnis.Cloris@gmail.com,developer
292,Ellette,Bartlett,Ellette.Bartlett@yopmail.com,Ellette.Bartlett@gmail.com,worker
293,Myriam,Bari,Myriam.Bari@yopmail.com,Myriam.Bari@gmail.com,police_officer
294,Agathe,Orelee,Agathe.Orelee@yopmail.com,Agathe.Orelee@gmail.com,firefighter
295,Kara-Lynn,Vanni,Kara-Lynn.Vanni@yopmail.com,Kara-Lynn.Vanni@gmail.com,worker
296,Ofilia,Merna,Ofilia.Merna@yopmail.com,Ofilia.Merna@gmail.com,worker
297,Winifred,Gerge,Winifred.Gerge@yopmail.com,Winifred.Gerge@gmail.com,police_officer
298,Leeanne,Bates,Leeanne.Bates@yopmail.com,Leeanne.Bates@gmail.com,developer
299,Maurene,Loring,Maurene.Loring@yopmail.com,Maurene.Loring@gmail.com,firefighter
300,Kamilah,Borrell,Kamilah.Borrell@yopmail.com,Kamilah.Borrell@gmail.com,firefighter
301,Arlena,Ashok,Arlena.Ashok@yopmail.com,Arlena.Ashok@gmail.com,firefighter
302,Selia,Chobot,Selia.Chobot@yopmail.com,Selia.Chobot@gmail.com,police_officer
303,Marjie,Primalia,Marjie.Primalia@yopmail.com,Marjie.Primalia@gmail.com,firefighter
304,Jasmina,Toor,Jasmina.Toor@yopmail.com,Jasmina.Toor@gmail.com,developer
305,Catrina,Denis,Catrina.Denis@yopmail.com,Catrina.Denis@gmail.com,doctor
306,Siana,Adlare,Siana.Adlare@yopmail.com,Siana.Adlare@gmail.com,doctor
307,Blake,Chesna,Blake.Chesna@yopmail.com,Blake.Chesna@gmail.com,worker
308,Fanchon,Rogerio,Fanchon.Rogerio@yopmail.com,Fanchon.Rogerio@gmail.com,police_officer
309,Queenie,Stefa,Queenie.Stefa@yopmail.com,Queenie.Stefa@gmail.com,worker
310,Clary,Jehu,Clary.Jehu@yopmail.com,Clary.Jehu@gmail.com,developer
311,Sue,Kenwood,Sue.Kenwood@yopmail.com,Sue.Kenwood@gmail.com,worker
312,Hayley,Natica,Hayley.Natica@yopmail.com,Hayley.Natica@gmail.com,police_officer
313,Vinita,Ashely,Vinita.Ashely@yopmail.com,Vinita.Ashely@gmail.com,firefighter
314,Moyna,Jary,Moyna.Jary@yopmail.com,Moyna.Jary@gmail.com,firefighter
315,Lexine,Maples,Lexine.Maples@yopmail.com,Lexine.Maples@gmail.com,firefighter
316,Luci,Merell,Luci.Merell@yopmail.com,Luci.Merell@gmail.com,developer
317,Katleen,Papageno,Katleen.Papageno@yopmail.com,Katleen.Papageno@gmail.com,firefighter
318,Clary,Letsou,Clary.Letsou@yopmail.com,Clary.Letsou@gmail.com,worker
319,Misha,Tjon,Misha.Tjon@yopmail.com,Misha.Tjon@gmail.com,developer
320,Liana,Ezar,Liana.Ezar@yopmail.com,Liana.Ezar@gmail.com,worker
321,Ana,Noelyn,Ana.Noelyn@yopmail.com,Ana.Noelyn@gmail.com,developer
322,Lanna,Klotz,Lanna.Klotz@yopmail.com,Lanna.Klotz@gmail.com,police_officer
323,Celestyna,Hoenack,Celestyna.Hoenack@yopmail.com,Celestyna.Hoenack@gmail.com,doctor
324,Allyce,Liebermann,Allyce.Liebermann@yopmail.com,Allyce.Liebermann@gmail.com,doctor
325,Viki,Pyle,Viki.Pyle@yopmail.com,Viki.Pyle@gmail.com,worker
326,Louella,Haerr,Louella.Haerr@yopmail.com,Louella.Haerr@gmail.com,worker
327,Dorthy,Alabaster,Dorthy.Alabaster@yopmail.com,Dorthy.Alabaster@gmail.com,doctor
328,Winny,Millda,Winny.Millda@yopmail.com,Winny.Millda@gmail.com,doctor
329,Merry,Vittoria,Merry.Vittoria@yopmail.com,Merry.Vittoria@gmail.com,developer
330,June,Pond,June.Pond@yopmail.com,June.Pond@gmail.com,developer
331,Ardys,Vary,Ardys.Vary@yopmail.com,Ardys.Vary@gmail.com,doctor
332,Pollyanna,Cullin,Pollyanna.Cullin@yopmail.com,Pollyanna.Cullin@gmail.com,developer
333,Cherrita,Smitt,Cherrita.Smitt@yopmail.com,Cherrita.Smitt@gmail.com,doctor
334,Carilyn,Malanie,Carilyn.Malanie@yopmail.com,Carilyn.Malanie@gmail.com,firefighter
335,Gratia,Maisey,Gratia.Maisey@yopmail.com,Gratia.Maisey@gmail.com,worker
336,Ekaterina,Catie,Ekaterina.Catie@yopmail.com,Ekaterina.Catie@gmail.com,worker
337,Marinna,Salchunas,Marinna.Salchunas@yopmail.com,Marinna.Salchunas@gmail.com,police_officer
338,Stephanie,Hoban,Stephanie.Hoban@yopmail.com,Stephanie.Hoban@gmail.com,doctor
339,Briney,Smitt,Briney.Smitt@yopmail.com,Briney.Smitt@gmail.com,worker
340,Roslyn,Danby,Roslyn.Danby@yopmail.com,Roslyn.Danby@gmail.com,worker
341,Corry,Lutero,Corry.Lutero@yopmail.com,Corry.Lutero@gmail.com,police_officer
342,Maurene,Ranjiv,Maurene.Ranjiv@yopmail.com,Maurene.Ranjiv@gmail.com,police_officer
343,Monika,Mitzi,Monika.Mitzi@yopmail.com,Monika.Mitzi@gmail.com,doctor
344,Christy,Hieronymus,Christy.Hieronymus@yopmail.com,Christy.Hieronymus@gmail.com,police_officer
345,Kristan,Jarib,Kristan.Jarib@yopmail.com,Kristan.Jarib@gmail.com,doctor
346,Carolina,Leonard,Carolina.Leonard@yopmail.com,Carolina.Leonard@gmail.com,firefighter
347,Joane,Hachmin,Joane.Hachmin@yopmail.com,Joane.Hachmin@gmail.com,developer
348,Elie,Junie,Elie.Junie@yopmail.com,Elie.Junie@gmail.com,firefighter
349,Felice,Skurnik,Felice.Skurnik@yopmail.com,Felice.Skurnik@gmail.com,police_officer
350,Rhoda,Annabella,Rhoda.Annabella@yopmail.com,Rhoda.Annabella@gmail.com,worker
351,Cindelyn,Milde,Cindelyn.Milde@yopmail.com,Cindelyn.Milde@gmail.com,firefighter
352,Clementine,Rosemary,Clementine.Rosemary@yopmail.com,Clementine.Rosemary@gmail.com,worker
353,Nataline,Bivins,Nataline.Bivins@yopmail.com,Nataline.Bivins@gmail.com,developer
354,Jerry,Ammann,Jerry.Ammann@yopmail.com,Jerry.Ammann@gmail.com,doctor
355,Shauna,Larochelle,Shauna.Larochelle@yopmail.com,Shauna.Larochelle@gmail.com,police_officer
356,Lisette,Fillbert,Lisette.Fillbert@yopmail.com,Lisette.Fillbert@gmail.com,doctor
357,Ursulina,Tayib,Ursulina.Tayib@yopmail.com,Ursulina.Tayib@gmail.com,worker
358,Meriel,Tremayne,Meriel.Tremayne@yopmail.com,Meriel.Tremayne@gmail.com,worker
359,Tina,MacIntosh,Tina.MacIntosh@yopmail.com,Tina.MacIntosh@gmail.com,police_officer
360,Luci,Pattin,Luci.Pattin@yopmail.com,Luci.Pattin@gmail.com,doctor
361,Anestassia,Sheng,Anestassia.Sheng@yopmail.com,Anestassia.Sheng@gmail.com,firefighter
362,Elsie,Leonard,Elsie.Leonard@yopmail.com,Elsie.Leonard@gmail.com,doctor
363,Giustina,Sprage,Giustina.Sprage@yopmail.com,Giustina.Sprage@gmail.com,police_officer
364,Brooks,Tamsky,Brooks.Tamsky@yopmail.com,Brooks.Tamsky@gmail.com,police_officer
365,Wanda,Kalinda,Wanda.Kalinda@yopmail.com,Wanda.Kalinda@gmail.com,police_officer
366,Wilma,My,Wilma.My@yopmail.com,Wilma.My@gmail.com,developer
367,Tobe,Annabella,Tobe.Annabella@yopmail.com,Tobe.Annabella@gmail.com,doctor
368,Marjie,Ortrude,Marjie.Ortrude@yopmail.com,Marjie.Ortrude@gmail.com,police_officer
369,Kassey,Izaak,Kassey.Izaak@yopmail.com,Kassey.Izaak@gmail.com,worker
370,Desirae,Goode,Desirae.Goode@yopmail.com,Desirae.Goode@gmail.com,police_officer
371,Atlanta,Mayeda,Atlanta.Mayeda@yopmail.com,Atlanta.Mayeda@gmail.com,developer
372,Alexine,Girardo,Alexine.Girardo@yopmail.com,Alexine.Girardo@gmail.com,firefighter
373,Dolli,Baylor,Dolli.Baylor@yopmail.com,Dolli.Baylor@gmail.com,worker
374,Ursulina,Whittaker,Ursulina.Whittaker@yopmail.com,Ursulina.Whittaker@gmail.com,doctor
375,Roslyn,Kamaria,Roslyn.Kamaria@yopmail.com,Roslyn.Kamaria@gmail.com,police_officer
376,Meriel,Slifka,Meriel.Slifka@yopmail.com,Meriel.Slifka@gmail.com,firefighter
377,Dolli,Boehike,Dolli.Boehike@yopmail.com,Dolli.Boehike@gmail.com,police_officer
378,Odessa,Cristi,Odessa.Cristi@yopmail.com,Odessa.Cristi@gmail.com,worker
379,Marcelline,Posner,Marcelline.Posner@yopmail.com,Marcelline.Posner@gmail.com,firefighter
380,Edee,Ambrosia,Edee.Ambrosia@yopmail.com,Edee.Ambrosia@gmail.com,firefighter
381,Charissa,Grayce,Charissa.Grayce@yopmail.com,Charissa.Grayce@gmail.com,worker
382,Annice,Giule,Annice.Giule@yopmail.com,Annice.Giule@gmail.com,developer
383,Myriam,Lunsford,Myriam.Lunsford@yopmail.com,Myriam.Lunsford@gmail.com,developer
384,Mamie,Lowry,Mamie.Lowry@yopmail.com,Mamie.Lowry@gmail.com,doctor
385,Elena,Baptlsta,Elena.Baptlsta@yopmail.com,Elena.Baptlsta@gmail.com,worker
386,Sindee,Eckblad,Sindee.Eckblad@yopmail.com,Sindee.Eckblad@gmail.com,firefighter
387,Danika,Cristi,Danika.Cristi@yopmail.com,Danika.Cristi@gmail.com,developer
388,Chickie,Nester,Chickie.Nester@yopmail.com,Chickie.Nester@gmail.com,firefighter
389,Merrie,Vary,Merrie.Vary@yopmail.com,Merrie.Vary@gmail.com,developer
390,Charmaine,Delp,Charmaine.Delp@yopmail.com,Charmaine.Delp@gmail.com,police_officer
391,Abbie,Ehrman,Abbie.Ehrman@yopmail.com,Abbie.Ehrman@gmail.com,worker
392,Lorne,Rurik,Lorne.Rurik@yopmail.com,Lorne.Rurik@gmail.com,firefighter
393,Jolyn,Ietta,Jolyn.Ietta@yopmail.com,Jolyn.Ietta@gmail.com,police_officer
394,Gale,Eachern,Gale.Eachern@yopmail.com,Gale.Eachern@gmail.com,doctor
395,Tierney,Socha,Tierney.Socha@yopmail.com,Tierney.Socha@gmail.com,developer
396,Cassandra,Vilma,Cassandra.Vilma@yopmail.com,Cassandra.Vilma@gmail.com,worker
397,Brena,Jillane,Brena.Jillane@yopmail.com,Brena.Jillane@gmail.com,firefighter
398,Suzette,Lamoree,Suzette.Lamoree@yopmail.com,Suzette.Lamoree@gmail.com,police_officer
399,Celisse,Zina,Celisse.Zina@yopmail.com,Celisse.Zina@gmail.com,police_officer
400,Vinita,Cristi,Vinita.Cristi@yopmail.com,Vinita.Cristi@gmail.com,doctor
401,Philis,Andrel,Philis.Andrel@yopmail.com,Philis.Andrel@gmail.com,firefighter
402,Malina,Kellby,Malina.Kellby@yopmail.com,Malina.Kellby@gmail.com,doctor
403,Florie,Richers,Florie.Richers@yopmail.com,Florie.Richers@gmail.com,firefighter
404,Brynna,Chandler,Brynna.Chandler@yopmail.com,Brynna.Chandler@gmail.com,worker
405,Ottilie,Maryanne,Ottilie.Maryanne@yopmail.com,Ottilie.Maryanne@gmail.com,developer
406,Sherrie,Bronk,Sherrie.Bronk@yopmail.com,Sherrie.Bronk@gmail.com,police_officer
407,Bettine,Geffner,Bettine.Geffner@yopmail.com,Bettine.Geffner@gmail.com,worker
408,Leona,Fiester,Leona.Fiester@yopmail.com,Leona.Fiester@gmail.com,worker
409,Caryl,Kesley,Caryl.Kesley@yopmail.com,Caryl.Kesley@gmail.com,doctor
410,Lynde,Raama,Lynde.Raama@yopmail.com,Lynde.Raama@gmail.com,firefighter
411,Rosabelle,Wind,Rosabelle.Wind@yopmail.com,Rosabelle.Wind@gmail.com,developer
412,Sibella,Dearborn,Sibella.Dearborn@yopmail.com,Sibella.Dearborn@gmail.com,worker
413,Keelia,Smitt,Keelia.Smitt@yopmail.com,Keelia.Smitt@gmail.com,worker
414,Clary,Gladstone,Clary.Gladstone@yopmail.com,Clary.Gladstone@gmail.com,worker
415,Lindie,Ezar,Lindie.Ezar@yopmail.com,Lindie.Ezar@gmail.com,developer
416,Sissy,Carmena,Sissy.Carmena@yopmail.com,Sissy.Carmena@gmail.com,firefighter
417,Leanna,Weaks,Leanna.Weaks@yopmail.com,Leanna.Weaks@gmail.com,doctor
418,Lita,Ruvolo,Lita.Ruvolo@yopmail.com,Lita.Ruvolo@gmail.com,doctor
419,Noelle,Sperling,Noelle.Sperling@yopmail.com,Noelle.Sperling@gmail.com,firefighter
420,Rhea,Joni,Rhea.Joni@yopmail.com,Rhea.Joni@gmail.com,police_officer
421,Trixi,Cullin,Trixi.Cullin@yopmail.com,Trixi.Cullin@gmail.com,doctor
422,Dari,Peg,Dari.Peg@yopmail.com,Dari.Peg@gmail.com,worker
423,Fred,Buttaro,Fred.Buttaro@yopmail.com,Fred.Buttaro@gmail.com,worker
424,Lelah,Niles,Lelah.Niles@yopmail.com,Lelah.Niles@gmail.com,firefighter
425,Elise,Dunkin,Elise.Dunkin@yopmail.com,Elise.Dunkin@gmail.com,police_officer
426,Leontine,Ranjiv,Leontine.Ranjiv@yopmail.com,Leontine.Ranjiv@gmail.com,doctor
427,Ronna,Reneta,Ronna.Reneta@yopmail.com,Ronna.Reneta@gmail.com,doctor
428,Iseabal,Jaylene,Iseabal.Jaylene@yopmail.com,Iseabal.Jaylene@gmail.com,firefighter
429,Barbi,Harday,Barbi.Harday@yopmail.com,Barbi.Harday@gmail.com,doctor
430,Rivalee,Colyer,Rivalee.Colyer@yopmail.com,Rivalee.Colyer@gmail.com,worker
431,Lelah,Adamsen,Lelah.Adamsen@yopmail.com,Lelah.Adamsen@gmail.com,worker
432,Stevana,Carbo,Stevana.Carbo@yopmail.com,Stevana.Carbo@gmail.com,firefighter
433,Nyssa,McAdams,Nyssa.McAdams@yopmail.com,Nyssa.McAdams@gmail.com,police_officer
434,Grier,Laurianne,Grier.Laurianne@yopmail.com,Grier.Laurianne@gmail.com,doctor
435,Sallie,Kare,Sallie.Kare@yopmail.com,Sallie.Kare@gmail.com,worker
436,Jsandye,Ivens,Jsandye.Ivens@yopmail.com,Jsandye.Ivens@gmail.com,police_officer
437,Shauna,Saree,Shauna.Saree@yopmail.com,Shauna.Saree@gmail.com,worker
438,Anthia,Monaco,Anthia.Monaco@yopmail.com,Anthia.Monaco@gmail.com,firefighter
439,Ginnie,Tryck,Ginnie.Tryck@yopmail.com,Ginnie.Tryck@gmail.com,developer
440,Shirlee,Fry,Shirlee.Fry@yopmail.com,Shirlee.Fry@gmail.com,developer
441,Jeanna,Haerr,Jeanna.Haerr@yopmail.com,Jeanna.Haerr@gmail.com,worker
442,Mireielle,Adalbert,Mireielle.Adalbert@yopmail.com,Mireielle.Adalbert@gmail.com,doctor
443,Dede,Junie,Dede.Junie@yopmail.com,Dede.Junie@gmail.com,doctor
444,Ernesta,Flita,Ernesta.Flita@yopmail.com,Ernesta.Flita@gmail.com,doctor
445,Adele,Wesle,Adele.Wesle@yopmail.com,Adele.Wesle@gmail.com,doctor
446,Ilse,Jarib,Ilse.Jarib@yopmail.com,Ilse.Jarib@gmail.com,worker
447,Helsa,Fontana,Helsa.Fontana@yopmail.com,Helsa.Fontana@gmail.com,doctor
448,Dorice,Dorcy,Dorice.Dorcy@yopmail.com,Dorice.Dorcy@gmail.com,developer
449,Rivalee,Reidar,Rivalee.Reidar@yopmail.com,Rivalee.Reidar@gmail.com,firefighter
450,Babita,Lauraine,Babita.Lauraine@yopmail.com,Babita.Lauraine@gmail.com,developer
451,Lisette,Esmaria,Lisette.Esmaria@yopmail.com,Lisette.Esmaria@gmail.com,firefighter
452,Pearline,Tamsky,Pearline.Tamsky@yopmail.com,Pearline.Tamsky@gmail.com,worker
453,Nyssa,Magnolia,Nyssa.Magnolia@yopmail.com,Nyssa.Magnolia@gmail.com,developer
454,Carlie,Grayce,Carlie.Grayce@yopmail.com,Carlie.Grayce@gmail.com,doctor
455,Joceline,Kimmie,Joceline.Kimmie@yopmail.com,Joceline.Kimmie@gmail.com,doctor
456,Libbie,Tound,Libbie.Tound@yopmail.com,Libbie.Tound@gmail.com,firefighter
457,Renie,Colleen,Renie.Colleen@yopmail.com,Renie.Colleen@gmail.com,doctor
458,Roseline,Pillsbury,Roseline.Pillsbury@yopmail.com,Roseline.Pillsbury@gmail.com,developer
459,Rosene,Kaete,Rosene.Kaete@yopmail.com,Rosene.Kaete@gmail.com,police_officer
460,Margette,Nunci,Margette.Nunci@yopmail.com,Margette.Nunci@gmail.com,developer
461,Katharina,Rad,Katharina.Rad@yopmail.com,Katharina.Rad@gmail.com,police_officer
462,Heida,Gilmour,Heida.Gilmour@yopmail.com,Heida.Gilmour@gmail.com,doctor
463,Rochette,Publia,Rochette.Publia@yopmail.com,Rochette.Publia@gmail.com,worker
464,Sam,Ariella,Sam.Ariella@yopmail.com,Sam.Ariella@gmail.com,police_officer
465,Suzette,Merriott,Suzette.Merriott@yopmail.com,Suzette.Merriott@gmail.com,police_officer
466,Mireielle,Teddman,Mireielle.Teddman@yopmail.com,Mireielle.Teddman@gmail.com,police_officer
467,Mahalia,Rugen,Mahalia.Rugen@yopmail.com,Mahalia.Rugen@gmail.com,firefighter
468,Rosene,Radu,Rosene.Radu@yopmail.com,Rosene.Radu@gmail.com,developer
469,Zondra,Gino,Zondra.Gino@yopmail.com,Zondra.Gino@gmail.com,developer
470,Farrah,Borrell,Farrah.Borrell@yopmail.com,Farrah.Borrell@gmail.com,doctor
471,Catharine,Malanie,Catharine.Malanie@yopmail.com,Catharine.Malanie@gmail.com,worker
472,Silvana,Alarise,Silvana.Alarise@yopmail.com,Silvana.Alarise@gmail.com,developer
473,Caritta,Narton,Caritta.Narton@yopmail.com,Caritta.Narton@gmail.com,doctor
474,Carolina,Ioab,Carolina.Ioab@yopmail.com,Carolina.Ioab@gmail.com,police_officer
475,Rosanne,Larochelle,Rosanne.Larochelle@yopmail.com,Rosanne.Larochelle@gmail.com,worker
476,Jessy,Alarise,Jessy.Alarise@yopmail.com,Jessy.Alarise@gmail.com,worker
477,Talya,Jobi,Talya.Jobi@yopmail.com,Talya.Jobi@gmail.com,firefighter
478,Robbi,Ricarda,Robbi.Ricarda@yopmail.com,Robbi.Ricarda@gmail.com,doctor
479,Merle,Goddard,Merle.Goddard@yopmail.com,Merle.Goddard@gmail.com,firefighter
480,Jennica,Barrus,Jennica.Barrus@yopmail.com,Jennica.Barrus@gmail.com,firefighter
481,Ida,Scammon,Ida.Scammon@yopmail.com,Ida.Scammon@gmail.com,police_officer
482,Ivett,Naashom,Ivett.Naashom@yopmail.com,Ivett.Naashom@gmail.com,doctor
483,Claresta,Riva,Claresta.Riva@yopmail.com,Claresta.Riva@gmail.com,firefighter
484,Marcy,Laverne,Marcy.Laverne@yopmail.com,Marcy.Laverne@gmail.com,worker
485,Sallie,Laurianne,Sallie.Laurianne@yopmail.com,Sallie.Laurianne@gmail.com,firefighter
486,Fidelia,Eachern,Fidelia.Eachern@yopmail.com,Fidelia.Eachern@gmail.com,doctor
487,Clementine,Guildroy,Clementine.Guildroy@yopmail.com,Clementine.Guildroy@gmail.com,police_officer
488,Feliza,Raffo,Feliza.Raffo@yopmail.com,Feliza.Raffo@gmail.com,developer
489,Aigneis,Tufts,Aigneis.Tufts@yopmail.com,Aigneis.Tufts@gmail.com,doctor
490,Brooks,Tamar,Brooks.Tamar@yopmail.com,Brooks.Tamar@gmail.com,worker
491,Agathe,Colyer,Agathe.Colyer@yopmail.com,Agathe.Colyer@gmail.com,worker
492,Vivia,Poll,Vivia.Poll@yopmail.com,Vivia.Poll@gmail.com,doctor
493,Lizzie,Gemini,Lizzie.Gemini@yopmail.com,Lizzie.Gemini@gmail.com,developer
494,Gilda,Marisa,Gilda.Marisa@yopmail.com,Gilda.Marisa@gmail.com,police_officer
495,Fawne,Longfellow,Fawne.Longfellow@yopmail.com,Fawne.Longfellow@gmail.com,police_officer
496,Hettie,Dulciana,Hettie.Dulciana@yopmail.com,Hettie.Dulciana@gmail.com,doctor
497,Nannie,Teryn,Nannie.Teryn@yopmail.com,Nannie.Teryn@gmail.com,developer
498,Sandie,Carvey,Sandie.Carvey@yopmail.com,Sandie.Carvey@gmail.com,doctor
499,Sabina,Elisha,Sabina.Elisha@yopmail.com,Sabina.Elisha@gmail.com,developer
500,Ethel,Raseda,Ethel.Raseda@yopmail.com,Ethel.Raseda@gmail.com,police_officer
501,Vonny,Tiffa,Vonny.Tiffa@yopmail.com,Vonny.Tiffa@gmail.com,worker
502,Dione,Serilda,Dione.Serilda@yopmail.com,Dione.Serilda@gmail.com,worker
503,Tera,Holbrook,Tera.Holbrook@yopmail.com,Tera.Holbrook@gmail.com,doctor
504,Maurene,Alva,Maurene.Alva@yopmail.com,Maurene.Alva@gmail.com,developer
505,Eolanda,Desai,Eolanda.Desai@yopmail.com,Eolanda.Desai@gmail.com,developer
506,Carree,Melan,Carree.Melan@yopmail.com,Carree.Melan@gmail.com,firefighter
507,Dotty,Goddard,Dotty.Goddard@yopmail.com,Dotty.Goddard@gmail.com,firefighter
508,Binny,Ammann,Binny.Ammann@yopmail.com,Binny.Ammann@gmail.com,doctor
509,Chandra,Lamoree,Chandra.Lamoree@yopmail.com,Chandra.Lamoree@gmail.com,worker
510,Moyna,Klotz,Moyna.Klotz@yopmail.com,Moyna.Klotz@gmail.com,police_officer
511,Lila,Lay,Lila.Lay@yopmail.com,Lila.Lay@gmail.com,developer
512,Marguerite,Jobi,Marguerite.Jobi@yopmail.com,Marguerite.Jobi@gmail.com,doctor
513,Mireielle,Kenwood,Mireielle.Kenwood@yopmail.com,Mireielle.Kenwood@gmail.com,doctor
514,Frances,Si,Frances.Si@yopmail.com,Frances.Si@gmail.com,worker
515,Ermengarde,Cavan,Ermengarde.Cavan@yopmail.com,Ermengarde.Cavan@gmail.com,worker
516,Berget,Ivens,Berget.Ivens@yopmail.com,Berget.Ivens@gmail.com,worker
517,Dacia,Cleavland,Dacia.Cleavland@yopmail.com,Dacia.Cleavland@gmail.com,police_officer
518,Lorne,Damarra,Lorne.Damarra@yopmail.com,Lorne.Damarra@gmail.com,developer
519,Kaia,Pond,Kaia.Pond@yopmail.com,Kaia.Pond@gmail.com,firefighter
520,Clarice,MacIntosh,Clarice.MacIntosh@yopmail.com,Clarice.MacIntosh@gmail.com,doctor
521,Jobi,Shaddock,Jobi.Shaddock@yopmail.com,Jobi.Shaddock@gmail.com,worker
522,Madelle,Wittie,Madelle.Wittie@yopmail.com,Madelle.Wittie@gmail.com,police_officer
523,Celestyna,Hathaway,Celestyna.Hathaway@yopmail.com,Celestyna.Hathaway@gmail.com,police_officer
524,Aeriela,Hanshaw,Aeriela.Hanshaw@yopmail.com,Aeriela.Hanshaw@gmail.com,developer
525,Oona,Erich,Oona.Erich@yopmail.com,Oona.Erich@gmail.com,worker
526,Pearline,Erminia,Pearline.Erminia@yopmail.com,Pearline.Erminia@gmail.com,police_officer
527,June,Giule,June.Giule@yopmail.com,June.Giule@gmail.com,developer
528,Elora,Poppy,Elora.Poppy@yopmail.com,Elora.Poppy@gmail.com,worker
529,Tami,Leifeste,Tami.Leifeste@yopmail.com,Tami.Leifeste@gmail.com,developer
530,Shirlee,Ietta,Shirlee.Ietta@yopmail.com,Shirlee.Ietta@gmail.com,firefighter
531,Isa,Holbrook,Isa.Holbrook@yopmail.com,Isa.Holbrook@gmail.com,doctor
532,Hayley,Chrystel,Hayley.Chrystel@yopmail.com,Hayley.Chrystel@gmail.com,worker
533,Karolina,Merna,Karolina.Merna@yopmail.com,Karolina.Merna@gmail.com,firefighter
534,Tamqrah,Wilkinson,Tamqrah.Wilkinson@yopmail.com,Tamqrah.Wilkinson@gmail.com,doctor
535,Kore,Cleo,Kore.Cleo@yopmail.com,Kore.Cleo@gmail.com,firefighter
536,Rochette,Septima,Rochette.Septima@yopmail.com,Rochette.Septima@gmail.com,doctor
537,Leontine,Rolf,Leontine.Rolf@yopmail.com,Leontine.Rolf@gmail.com,police_officer
538,Catharine,Ashely,Catharine.Ashely@yopmail.com,Catharine.Ashely@gmail.com,doctor
539,Mary,Birdella,Mary.Birdella@yopmail.com,Mary.Birdella@gmail.com,firefighter
540,Mara,Gregrory,Mara.Gregrory@yopmail.com,Mara.Gregrory@gmail.com,doctor
541,Gale,Vernier,Gale.Vernier@yopmail.com,Gale.Vernier@gmail.com,worker
542,Shaylyn,Odell,Shaylyn.Odell@yopmail.com,Shaylyn.Odell@gmail.com,firefighter
543,Merle,Even,Merle.Even@yopmail.com,Merle.Even@gmail.com,police_officer
544,Madeleine,Helve,Madeleine.Helve@yopmail.com,Madeleine.Helve@gmail.com,police_officer
545,Tobe,Creamer,Tobe.Creamer@yopmail.com,Tobe.Creamer@gmail.com,worker
546,Lanna,Yate,Lanna.Yate@yopmail.com,Lanna.Yate@gmail.com,police_officer
547,Zaria,Cristi,Zaria.Cristi@yopmail.com,Zaria.Cristi@gmail.com,doctor
548,Wendi,Anton,Wendi.Anton@yopmail.com,Wendi.Anton@gmail.com,worker
549,Ketti,Payson,Ketti.Payson@yopmail.com,Ketti.Payson@gmail.com,worker
550,Marika,Norvol,Marika.Norvol@yopmail.com,Marika.Norvol@gmail.com,police_officer
551,Valli,Mathilde,Valli.Mathilde@yopmail.com,Valli.Mathilde@gmail.com,firefighter
552,Bill,Peg,Bill.Peg@yopmail.com,Bill.Peg@gmail.com,doctor
553,Jere,Couture,Jere.Couture@yopmail.com,Jere.Couture@gmail.com,worker
554,Tybie,Argus,Tybie.Argus@yopmail.com,Tybie.Argus@gmail.com,worker
555,Gerianna,Autrey,Gerianna.Autrey@yopmail.com,Gerianna.Autrey@gmail.com,police_officer
556,Alisha,Vivle,Alisha.Vivle@yopmail.com,Alisha.Vivle@gmail.com,police_officer
557,Fredericka,Hull,Fredericka.Hull@yopmail.com,Fredericka.Hull@gmail.com,police_officer
558,Bobinette,Kunin,Bobinette.Kunin@yopmail.com,Bobinette.Kunin@gmail.com,developer
559,Lory,Ashok,Lory.Ashok@yopmail.com,Lory.Ashok@gmail.com,doctor
560,Bernie,Adalbert,Bernie.Adalbert@yopmail.com,Bernie.Adalbert@gmail.com,worker
561,Eadie,Dearborn,Eadie.Dearborn@yopmail.com,Eadie.Dearborn@gmail.com,doctor
562,Mallory,Trace,Mallory.Trace@yopmail.com,Mallory.Trace@gmail.com,developer
563,Tressa,Adalbert,Tressa.Adalbert@yopmail.com,Tressa.Adalbert@gmail.com,worker
564,Deane,Munn,Deane.Munn@yopmail.com,Deane.Munn@gmail.com,worker
565,Berta,An,Berta.An@yopmail.com,Berta.An@gmail.com,firefighter
566,Devina,Carbo,Devina.Carbo@yopmail.com,Devina.Carbo@gmail.com,police_officer
567,Emylee,Chapland,Emylee.Chapland@yopmail.com,Emylee.Chapland@gmail.com,police_officer
568,Candy,Keelia,Candy.Keelia@yopmail.com,Candy.Keelia@gmail.com,firefighter
569,Raf,Isacco,Raf.Isacco@yopmail.com,Raf.Isacco@gmail.com,doctor
570,Loree,Edison,Loree.Edison@yopmail.com,Loree.Edison@gmail.com,police_officer
571,Edith,Schalles,Edith.Schalles@yopmail.com,Edith.Schalles@gmail.com,worker
572,Gratia,Irmine,Gratia.Irmine@yopmail.com,Gratia.Irmine@gmail.com,worker
573,Reeba,Cullin,Reeba.Cullin@yopmail.com,Reeba.Cullin@gmail.com,developer
574,Clo,McLaughlin,Clo.McLaughlin@yopmail.com,Clo.McLaughlin@gmail.com,police_officer
575,Kelly,Maribeth,Kelly.Maribeth@yopmail.com,Kelly.Maribeth@gmail.com,developer
576,Jasmina,Breed,Jasmina.Breed@yopmail.com,Jasmina.Breed@gmail.com,worker
577,Netty,Gower,Netty.Gower@yopmail.com,Netty.Gower@gmail.com,developer
578,Marleah,Socha,Marleah.Socha@yopmail.com,Marleah.Socha@gmail.com,worker
579,Kaia,Janith,Kaia.Janith@yopmail.com,Kaia.Janith@gmail.com,developer
580,Annice,Jeanne,Annice.Jeanne@yopmail.com,Annice.Jeanne@gmail.com,developer
581,Bernardine,Mott,Bernardine.Mott@yopmail.com,Bernardine.Mott@gmail.com,doctor
582,Myrtice,Briney,Myrtice.Briney@yopmail.com,Myrtice.Briney@gmail.com,firefighter
583,Maridel,Byrne,Maridel.Byrne@yopmail.com,Maridel.Byrne@gmail.com,doctor
584,Viviene,Wandie,Viviene.Wandie@yopmail.com,Viviene.Wandie@gmail.com,firefighter
585,Stacey,Greenwald,Stacey.Greenwald@yopmail.com,Stacey.Greenwald@gmail.com,police_officer
586,Lorenza,Edee,Lorenza.Edee@yopmail.com,Lorenza.Edee@gmail.com,firefighter
587,Brooks,Aaberg,Brooks.Aaberg@yopmail.com,Brooks.Aaberg@gmail.com,doctor
588,Emma,Gregrory,Emma.Gregrory@yopmail.com,Emma.Gregrory@gmail.com,firefighter
589,Hermione,Eno,Hermione.Eno@yopmail.com,Hermione.Eno@gmail.com,firefighter
590,Patricia,Toni,Patricia.Toni@yopmail.com,Patricia.Toni@gmail.com,worker
591,Elmira,Sammons,Elmira.Sammons@yopmail.com,Elmira.Sammons@gmail.com,developer
592,Candi,Rubie,Candi.Rubie@yopmail.com,Candi.Rubie@gmail.com,worker
593,Millie,Gale,Millie.Gale@yopmail.com,Millie.Gale@gmail.com,developer
594,Fawne,Rosemary,Fawne.Rosemary@yopmail.com,Fawne.Rosemary@gmail.com,developer
595,June,Halsey,June.Halsey@yopmail.com,June.Halsey@gmail.com,firefighter
596,Shaylyn,Mendez,Shaylyn.Mendez@yopmail.com,Shaylyn.Mendez@gmail.com,doctor
597,Dawn,Bari,Dawn.Bari@yopmail.com,Dawn.Bari@gmail.com,worker
598,Aubrie,Bari,Aubrie.Bari@yopmail.com,Aubrie.Bari@gmail.com,worker
599,Ida,Dahlia,Ida.Dahlia@yopmail.com,Ida.Dahlia@gmail.com,firefighter
600,Nicoli,Hillel,Nicoli.Hillel@yopmail.com,Nicoli.Hillel@gmail.com,police_officer
601,Di,Vins,Di.Vins@yopmail.com,Di.Vins@gmail.com,firefighter
602,Sallie,Leonard,Sallie.Leonard@yopmail.com,Sallie.Leonard@gmail.com,firefighter
603,Trudie,Breed,Trudie.Breed@yopmail.com,Trudie.Breed@gmail.com,firefighter
604,Dagmar,Parette,Dagmar.Parette@yopmail.com,Dagmar.Parette@gmail.com,worker
605,Genovera,Swigart,Genovera.Swigart@yopmail.com,Genovera.Swigart@gmail.com,developer
606,Grier,Danby,Grier.Danby@yopmail.com,Grier.Danby@gmail.com,doctor
607,Dianemarie,Tice,Dianemarie.Tice@yopmail.com,Dianemarie.Tice@gmail.com,firefighter
608,Chloris,Iiette,Chloris.Iiette@yopmail.com,Chloris.Iiette@gmail.com,worker
609,Lyssa,Bari,Lyssa.Bari@yopmail.com,Lyssa.Bari@gmail.com,doctor
610,Wynne,Lymann,Wynne.Lymann@yopmail.com,Wynne.Lymann@gmail.com,police_officer
611,Jere,Ries,Jere.Ries@yopmail.com,Jere.Ries@gmail.com,worker
612,Belva,Moina,Belva.Moina@yopmail.com,Belva.Moina@gmail.com,doctor
613,Ezmeralda,Primalia,Ezmeralda.Primalia@yopmail.com,Ezmeralda.Primalia@gmail.com,doctor
614,Mignon,Elsinore,Mignon.Elsinore@yopmail.com,Mignon.Elsinore@gmail.com,developer
615,Cyndie,Darrell,Cyndie.Darrell@yopmail.com,Cyndie.Darrell@gmail.com,doctor
616,Addia,Leonard,Addia.Leonard@yopmail.com,Addia.Leonard@gmail.com,developer
617,Carmela,Chabot,Carmela.Chabot@yopmail.com,Carmela.Chabot@gmail.com,worker
618,Orelia,Raychel,Orelia.Raychel@yopmail.com,Orelia.Raychel@gmail.com,firefighter
619,Gavrielle,Irmine,Gavrielle.Irmine@yopmail.com,Gavrielle.Irmine@gmail.com,developer
620,Mireielle,Screens,Mireielle.Screens@yopmail.com,Mireielle.Screens@gmail.com,police_officer
621,Tilly,Melony,Tilly.Melony@yopmail.com,Tilly.Melony@gmail.com,developer
622,Lizzie,Crudden,Lizzie.Crudden@yopmail.com,Lizzie.Crudden@gmail.com,police_officer
623,Dorene,Orelee,Dorene.Orelee@yopmail.com,Dorene.Orelee@gmail.com,developer
624,Marline,Pip,Marline.Pip@yopmail.com,Marline.Pip@gmail.com,worker
625,Taffy,Sholley,Taffy.Sholley@yopmail.com,Taffy.Sholley@gmail.com,worker
626,Merry,Ajay,Merry.Ajay@yopmail.com,Merry.Ajay@gmail.com,doctor
627,Anestassia,Faro,Anestassia.Faro@yopmail.com,Anestassia.Faro@gmail.com,firefighter
628,Orelia,Francene,Orelia.Francene@yopmail.com,Orelia.Francene@gmail.com,police_officer
629,Krystle,Hortensia,Krystle.Hortensia@yopmail.com,Krystle.Hortensia@gmail.com,worker
630,Frank,Remmer,Frank.Remmer@yopmail.com,Frank.Remmer@gmail.com,developer
631,Gilda,Kamaria,Gilda.Kamaria@yopmail.com,Gilda.Kamaria@gmail.com,police_officer
632,Lanna,Medrek,Lanna.Medrek@yopmail.com,Lanna.Medrek@gmail.com,worker
633,Caressa,Joli,Caressa.Joli@yopmail.com,Caressa.Joli@gmail.com,firefighter
634,Eugine,Waldron,Eugine.Waldron@yopmail.com,Eugine.Waldron@gmail.com,police_officer
635,Anestassia,Phyllis,Anestassia.Phyllis@yopmail.com,Anestassia.Phyllis@gmail.com,worker
636,Rivalee,Syd,Rivalee.Syd@yopmail.com,Rivalee.Syd@gmail.com,doctor
637,Jacquetta,Hazlett,Jacquetta.Hazlett@yopmail.com,Jacquetta.Hazlett@gmail.com,firefighter
638,Sibella,Zenas,Sibella.Zenas@yopmail.com,Sibella.Zenas@gmail.com,developer
639,Lilith,Harriman,Lilith.Harriman@yopmail.com,Lilith.Harriman@gmail.com,developer
640,Rivalee,Amand,Rivalee.Amand@yopmail.com,Rivalee.Amand@gmail.com,worker
641,Constance,Thema,Constance.Thema@yopmail.com,Constance.Thema@gmail.com,police_officer
642,Averyl,Deegan,Averyl.Deegan@yopmail.com,Averyl.Deegan@gmail.com,firefighter
643,Cathyleen,Travax,Cathyleen.Travax@yopmail.com,Cathyleen.Travax@gmail.com,developer
644,Frances,Ambrosia,Frances.Ambrosia@yopmail.com,Frances.Ambrosia@gmail.com,firefighter
645,June,Pyle,June.Pyle@yopmail.com,June.Pyle@gmail.com,developer
646,Bertine,Deny,Bertine.Deny@yopmail.com,Bertine.Deny@gmail.com,developer
647,Ottilie,Gunn,Ottilie.Gunn@yopmail.com,Ottilie.Gunn@gmail.com,police_officer
648,Gusella,Gunn,Gusella.Gunn@yopmail.com,Gusella.Gunn@gmail.com,doctor
649,Cyb,Harriman,Cyb.Harriman@yopmail.com,Cyb.Harriman@gmail.com,firefighter
650,Fredericka,Bevin,Fredericka.Bevin@yopmail.com,Fredericka.Bevin@gmail.com,worker
651,Christy,Kathie,Christy.Kathie@yopmail.com,Christy.Kathie@gmail.com,worker
652,Konstance,Jalbert,Konstance.Jalbert@yopmail.com,Konstance.Jalbert@gmail.com,firefighter
653,Shaylyn,Wenoa,Shaylyn.Wenoa@yopmail.com,Shaylyn.Wenoa@gmail.com,doctor
654,Blake,Strephon,Blake.Strephon@yopmail.com,Blake.Strephon@gmail.com,doctor
655,Rubie,Greenwald,Rubie.Greenwald@yopmail.com,Rubie.Greenwald@gmail.com,developer
656,Morganica,Wildermuth,Morganica.Wildermuth@yopmail.com,Morganica.Wildermuth@gmail.com,police_officer
657,Dulcinea,Suanne,Dulcinea.Suanne@yopmail.com,Dulcinea.Suanne@gmail.com,police_officer
658,Larine,Loeb,Larine.Loeb@yopmail.com,Larine.Loeb@gmail.com,firefighter
659,Judy,Haldas,Judy.Haldas@yopmail.com,Judy.Haldas@gmail.com,worker
660,Neila,Sammons,Neila.Sammons@yopmail.com,Neila.Sammons@gmail.com,doctor
661,Phedra,Jerald,Phedra.Jerald@yopmail.com,Phedra.Jerald@gmail.com,police_officer
662,Genevra,Egbert,Genevra.Egbert@yopmail.com,Genevra.Egbert@gmail.com,doctor
663,Penelopa,Christal,Penelopa.Christal@yopmail.com,Penelopa.Christal@gmail.com,developer
664,Mireielle,Macey,Mireielle.Macey@yopmail.com,Mireielle.Macey@gmail.com,developer
665,Kenna,Abram,Kenna.Abram@yopmail.com,Kenna.Abram@gmail.com,police_officer
666,Bobbi,Philipp,Bobbi.Philipp@yopmail.com,Bobbi.Philipp@gmail.com,police_officer
667,Carol-Jean,Rebecka,Carol-Jean.Rebecka@yopmail.com,Carol-Jean.Rebecka@gmail.com,developer
668,Julieta,Karl,Julieta.Karl@yopmail.com,Julieta.Karl@gmail.com,police_officer
669,Helena,Presber,Helena.Presber@yopmail.com,Helena.Presber@gmail.com,doctor
670,Jorry,Lilas,Jorry.Lilas@yopmail.com,Jorry.Lilas@gmail.com,worker
671,Eve,Lumbard,Eve.Lumbard@yopmail.com,Eve.Lumbard@gmail.com,police_officer
672,Josephine,Romelda,Josephine.Romelda@yopmail.com,Josephine.Romelda@gmail.com,firefighter
673,Hildegaard,Kenney,Hildegaard.Kenney@yopmail.com,Hildegaard.Kenney@gmail.com,firefighter
674,Bobinette,Raimondo,Bobinette.Raimondo@yopmail.com,Bobinette.Raimondo@gmail.com,firefighter
675,Gwyneth,Delila,Gwyneth.Delila@yopmail.com,Gwyneth.Delila@gmail.com,firefighter
676,Kate,Pearse,Kate.Pearse@yopmail.com,Kate.Pearse@gmail.com,doctor
677,Lynea,Nisbet,Lynea.Nisbet@yopmail.com,Lynea.Nisbet@gmail.com,firefighter
678,Marleah,Melan,Marleah.Melan@yopmail.com,Marleah.Melan@gmail.com,doctor
679,Sheelagh,Harriman,Sheelagh.Harriman@yopmail.com,Sheelagh.Harriman@gmail.com,firefighter
680,Kaja,Nicoline,Kaja.Nicoline@yopmail.com,Kaja.Nicoline@gmail.com,firefighter
681,Nataline,Bertold,Nataline.Bertold@yopmail.com,Nataline.Bertold@gmail.com,developer
682,Clary,Sekofski,Clary.Sekofski@yopmail.com,Clary.Sekofski@gmail.com,developer
683,Ardenia,Audly,Ardenia.Audly@yopmail.com,Ardenia.Audly@gmail.com,firefighter
684,Gui,Vary,Gui.Vary@yopmail.com,Gui.Vary@gmail.com,developer
685,Jany,Isidore,Jany.Isidore@yopmail.com,Jany.Isidore@gmail.com,doctor
686,Leia,Wadell,Leia.Wadell@yopmail.com,Leia.Wadell@gmail.com,developer
687,Isa,Stoller,Isa.Stoller@yopmail.com,Isa.Stoller@gmail.com,doctor
688,Carilyn,Vins,Carilyn.Vins@yopmail.com,Carilyn.Vins@gmail.com,developer
689,Agathe,Slifka,Agathe.Slifka@yopmail.com,Agathe.Slifka@gmail.com,firefighter
690,Fanchon,Dex,Fanchon.Dex@yopmail.com,Fanchon.Dex@gmail.com,worker
691,Sarette,Delacourt,Sarette.Delacourt@yopmail.com,Sarette.Delacourt@gmail.com,developer
692,Fina,Clie,Fina.Clie@yopmail.com,Fina.Clie@gmail.com,police_officer
693,Adelle,Charmine,Adelle.Charmine@yopmail.com,Adelle.Charmine@gmail.com,developer
694,Gisela,Jeanne,Gisela.Jeanne@yopmail.com,Gisela.Jeanne@gmail.com,firefighter
695,Tarra,Mich,Tarra.Mich@yopmail.com,Tarra.Mich@gmail.com,developer
696,Andree,Eugenia,Andree.Eugenia@yopmail.com,Andree.Eugenia@gmail.com,police_officer
697,Nikki,Bach,Nikki.Bach@yopmail.com,Nikki.Bach@gmail.com,police_officer
698,Ketti,Geffner,Ketti.Geffner@yopmail.com,Ketti.Geffner@gmail.com,police_officer
699,Janeczka,Ball,Janeczka.Ball@yopmail.com,Janeczka.Ball@gmail.com,worker
700,Brietta,Gale,Brietta.Gale@yopmail.com,Brietta.Gale@gmail.com,worker
701,Dagmar,Gerge,Dagmar.Gerge@yopmail.com,Dagmar.Gerge@gmail.com,doctor
702,Annabela,Dominy,Annabela.Dominy@yopmail.com,Annabela.Dominy@gmail.com,worker
703,Celestyna,Flyn,Celestyna.Flyn@yopmail.com,Celestyna.Flyn@gmail.com,doctor
704,Codie,Mitzi,Codie.Mitzi@yopmail.com,Codie.Mitzi@gmail.com,firefighter
705,Kayla,Frendel,Kayla.Frendel@yopmail.com,Kayla.Frendel@gmail.com,worker
706,Bee,Dunkin,Bee.Dunkin@yopmail.com,Bee.Dunkin@gmail.com,doctor
707,Hildegaard,Libna,Hildegaard.Libna@yopmail.com,Hildegaard.Libna@gmail.com,firefighter
708,Lindie,Rosette,Lindie.Rosette@yopmail.com,Lindie.Rosette@gmail.com,worker
709,Joleen,Deegan,Joleen.Deegan@yopmail.com,Joleen.Deegan@gmail.com,developer
710,Drucie,Hazlett,Drucie.Hazlett@yopmail.com,Drucie.Hazlett@gmail.com,doctor
711,Ekaterina,Jehu,Ekaterina.Jehu@yopmail.com,Ekaterina.Jehu@gmail.com,doctor
712,Chere,Parette,Chere.Parette@yopmail.com,Chere.Parette@gmail.com,firefighter
713,Meghann,Velick,Meghann.Velick@yopmail.com,Meghann.Velick@gmail.com,worker
714,Fina,Marijo,Fina.Marijo@yopmail.com,Fina.Marijo@gmail.com,doctor
715,Gianina,Bates,Gianina.Bates@yopmail.com,Gianina.Bates@gmail.com,worker
716,Starla,Duwalt,Starla.Duwalt@yopmail.com,Starla.Duwalt@gmail.com,firefighter
717,Elmira,Delacourt,Elmira.Delacourt@yopmail.com,Elmira.Delacourt@gmail.com,police_officer
718,Feliza,Blake,Feliza.Blake@yopmail.com,Feliza.Blake@gmail.com,doctor
719,Phylis,Modie,Phylis.Modie@yopmail.com,Phylis.Modie@gmail.com,worker
720,Dagmar,Junie,Dagmar.Junie@yopmail.com,Dagmar.Junie@gmail.com,developer
721,Chloris,Anis,Chloris.Anis@yopmail.com,Chloris.Anis@gmail.com,doctor
722,Chastity,Bettine,Chastity.Bettine@yopmail.com,Chastity.Bettine@gmail.com,developer
723,Nickie,Burnside,Nickie.Burnside@yopmail.com,Nickie.Burnside@gmail.com,firefighter
724,Micheline,Caitlin,Micheline.Caitlin@yopmail.com,Micheline.Caitlin@gmail.com,developer
725,Damaris,Elbertina,Damaris.Elbertina@yopmail.com,Damaris.Elbertina@gmail.com,police_officer
726,Corina,Haldas,Corina.Haldas@yopmail.com,Corina.Haldas@gmail.com,firefighter
727,Chandra,Ricki,Chandra.Ricki@yopmail.com,Chandra.Ricki@gmail.com,worker
728,Shel,Anis,Shel.Anis@yopmail.com,Shel.Anis@gmail.com,police_officer
729,Flo,Revkah,Flo.Revkah@yopmail.com,Flo.Revkah@gmail.com,firefighter
730,Miquela,Nickola,Miquela.Nickola@yopmail.com,Miquela.Nickola@gmail.com,doctor
731,Berta,Auberbach,Berta.Auberbach@yopmail.com,Berta.Auberbach@gmail.com,police_officer
732,Angela,McNully,Angela.McNully@yopmail.com,Angela.McNully@gmail.com,developer
733,Katleen,Suk,Katleen.Suk@yopmail.com,Katleen.Suk@gmail.com,developer
734,Sashenka,Corabella,Sashenka.Corabella@yopmail.com,Sashenka.Corabella@gmail.com,developer
735,Agathe,Fulmer,Agathe.Fulmer@yopmail.com,Agathe.Fulmer@gmail.com,police_officer
736,Jolyn,Buckler,Jolyn.Buckler@yopmail.com,Jolyn.Buckler@gmail.com,firefighter
737,Sybille,Erich,Sybille.Erich@yopmail.com,Sybille.Erich@gmail.com,doctor
738,Winifred,Anastatius,Winifred.Anastatius@yopmail.com,Winifred.Anastatius@gmail.com,doctor
739,Maisey,Graig,Maisey.Graig@yopmail.com,Maisey.Graig@gmail.com,worker
740,Shaine,Klotz,Shaine.Klotz@yopmail.com,Shaine.Klotz@gmail.com,firefighter
741,Barbara,Havens,Barbara.Havens@yopmail.com,Barbara.Havens@gmail.com,worker
742,Annabela,Ietta,Annabela.Ietta@yopmail.com,Annabela.Ietta@gmail.com,developer
743,Tracey,Kirstin,Tracey.Kirstin@yopmail.com,Tracey.Kirstin@gmail.com,doctor
744,Carly,Buffum,Carly.Buffum@yopmail.com,Carly.Buffum@gmail.com,developer
745,Konstance,Rustice,Konstance.Rustice@yopmail.com,Konstance.Rustice@gmail.com,police_officer
746,Kimmy,Infield,Kimmy.Infield@yopmail.com,Kimmy.Infield@gmail.com,worker
747,Selma,Anyah,Selma.Anyah@yopmail.com,Selma.Anyah@gmail.com,police_officer
748,Reeba,Plato,Reeba.Plato@yopmail.com,Reeba.Plato@gmail.com,worker
749,Willetta,Penelopa,Willetta.Penelopa@yopmail.com,Willetta.Penelopa@gmail.com,worker
750,Lisette,Carlson,Lisette.Carlson@yopmail.com,Lisette.Carlson@gmail.com,developer
751,Eadie,Schalles,Eadie.Schalles@yopmail.com,Eadie.Schalles@gmail.com,worker
752,Tera,Zuzana,Tera.Zuzana@yopmail.com,Tera.Zuzana@gmail.com,worker
753,Tobe,Lipson,Tobe.Lipson@yopmail.com,Tobe.Lipson@gmail.com,doctor
754,Katuscha,Noam,Katuscha.Noam@yopmail.com,Katuscha.Noam@gmail.com,police_officer
755,Joy,Wilkinson,Joy.Wilkinson@yopmail.com,Joy.Wilkinson@gmail.com,police_officer
756,Belinda,Beebe,Belinda.Beebe@yopmail.com,Belinda.Beebe@gmail.com,doctor
757,Deedee,Callista,Deedee.Callista@yopmail.com,Deedee.Callista@gmail.com,police_officer
758,Mary,Ephrem,Mary.Ephrem@yopmail.com,Mary.Ephrem@gmail.com,worker
759,Celene,Brandice,Celene.Brandice@yopmail.com,Celene.Brandice@gmail.com,developer
760,Molli,Ader,Molli.Ader@yopmail.com,Molli.Ader@gmail.com,worker
761,Wanda,Zaslow,Wanda.Zaslow@yopmail.com,Wanda.Zaslow@gmail.com,developer
762,Aurelie,Zina,Aurelie.Zina@yopmail.com,Aurelie.Zina@gmail.com,worker
763,Siana,Katrine,Siana.Katrine@yopmail.com,Siana.Katrine@gmail.com,doctor
764,Gabi,Susannah,Gabi.Susannah@yopmail.com,Gabi.Susannah@gmail.com,doctor
765,Rayna,Ilka,Rayna.Ilka@yopmail.com,Rayna.Ilka@gmail.com,doctor
766,Harrietta,Sidonius,Harrietta.Sidonius@yopmail.com,Harrietta.Sidonius@gmail.com,developer
767,Vita,Screens,Vita.Screens@yopmail.com,Vita.Screens@gmail.com,developer
768,Kittie,Adamsen,Kittie.Adamsen@yopmail.com,Kittie.Adamsen@gmail.com,police_officer
769,Ann-Marie,Tayib,Ann-Marie.Tayib@yopmail.com,Ann-Marie.Tayib@gmail.com,firefighter
770,Jobi,Penelopa,Jobi.Penelopa@yopmail.com,Jobi.Penelopa@gmail.com,firefighter
771,Corry,Carolin,Corry.Carolin@yopmail.com,Corry.Carolin@gmail.com,police_officer
772,Cathyleen,Alabaster,Cathyleen.Alabaster@yopmail.com,Cathyleen.Alabaster@gmail.com,worker
773,Robbi,Tice,Robbi.Tice@yopmail.com,Robbi.Tice@gmail.com,doctor
774,Sashenka,Natica,Sashenka.Natica@yopmail.com,Sashenka.Natica@gmail.com,worker
775,Gusty,Charity,Gusty.Charity@yopmail.com,Gusty.Charity@gmail.com,police_officer
776,Shandie,Sheng,Shandie.Sheng@yopmail.com,Shandie.Sheng@gmail.com,worker
777,Marti,Sabella,Marti.Sabella@yopmail.com,Marti.Sabella@gmail.com,firefighter
778,Nessie,Gino,Nessie.Gino@yopmail.com,Nessie.Gino@gmail.com,police_officer
779,Aigneis,Secrest,Aigneis.Secrest@yopmail.com,Aigneis.Secrest@gmail.com,worker
780,Jasmina,Wildermuth,Jasmina.Wildermuth@yopmail.com,Jasmina.Wildermuth@gmail.com,police_officer
781,Margette,Uund,Margette.Uund@yopmail.com,Margette.Uund@gmail.com,worker
782,Xylina,Noman,Xylina.Noman@yopmail.com,Xylina.Noman@gmail.com,developer
783,Dorice,Hanshaw,Dorice.Hanshaw@yopmail.com,Dorice.Hanshaw@gmail.com,firefighter
784,Angela,Sekofski,Angela.Sekofski@yopmail.com,Angela.Sekofski@gmail.com,developer
785,Cathie,Marsden,Cathie.Marsden@yopmail.com,Cathie.Marsden@gmail.com,doctor
786,Rhoda,Boehike,Rhoda.Boehike@yopmail.com,Rhoda.Boehike@gmail.com,firefighter
787,Jessamyn,Sholley,Jessamyn.Sholley@yopmail.com,Jessamyn.Sholley@gmail.com,developer
788,Suzette,Dielu,Suzette.Dielu@yopmail.com,Suzette.Dielu@gmail.com,police_officer
789,Joeann,Fontana,Joeann.Fontana@yopmail.com,Joeann.Fontana@gmail.com,doctor
790,Fawne,Rudolph,Fawne.Rudolph@yopmail.com,Fawne.Rudolph@gmail.com,worker
791,Chickie,Salvidor,Chickie.Salvidor@yopmail.com,Chickie.Salvidor@gmail.com,developer
792,Clementine,Minetta,Clementine.Minetta@yopmail.com,Clementine.Minetta@gmail.com,doctor
793,Lolita,Felizio,Lolita.Felizio@yopmail.com,Lolita.Felizio@gmail.com,doctor
794,Heida,Markman,Heida.Markman@yopmail.com,Heida.Markman@gmail.com,doctor
795,Corry,Seumas,Corry.Seumas@yopmail.com,Corry.Seumas@gmail.com,firefighter
796,Maurene,Neils,Maurene.Neils@yopmail.com,Maurene.Neils@gmail.com,police_officer
797,Ira,Neva,Ira.Neva@yopmail.com,Ira.Neva@gmail.com,police_officer
798,Eve,Alabaster,Eve.Alabaster@yopmail.com,Eve.Alabaster@gmail.com,firefighter
799,Korrie,Wu,Korrie.Wu@yopmail.com,Korrie.Wu@gmail.com,worker
