id;firstname;email
100;Berget;Berget.Giff@yopmail.com
105;Rosaline;Rosaline.Drus@yopmail.com
106;Maurene;Maurene.Joeann@yopmail.com
107;Eolanda;Eolanda.Cressida@yopmail.com
108;Susette;Susette.Bibi@yopmail.com
109;Danika;Danika.Sheng@yopmail.com
110;Fernande;Fernande.Seumas@yopmail.com
111;Carilyn;Carilyn.Neva@yopmail.com
112;Gertrud;Gertrud.Vins@yopmail.com
113;Fawne;Fawne.Kimmie@yopmail.com
114;Dianemarie;Dianemarie.Lowry@yopmail.com
115;Nessie;Nessie.Bearnard@yopmail.com
116;Vevay;Vevay.Robertson@yopmail.com
117;Janey;Janey.Lory@yopmail.com
118;Taffy;Taffy.Kendrick@yopmail.com
119;Carmencita;Carmencita.Dudley@yopmail.com
120;Rebeca;Rebeca.Goode@yopmail.com
121;Marcy;Marcy.Screens@yopmail.com
122;Alyssa;Alyssa.Baudin@yopmail.com
123;Nananne;Nananne.Rubie@yopmail.com
124;Brynna;Brynna.Smitt@yopmail.com
125;Ebonee;Ebonee.Malina@yopmail.com
126;Paulita;Paulita.Hanshaw@yopmail.com
127;Nadine;Nadine.Han@yopmail.com
128;Zsa Zsa;Zsa Zsa.Juan@yopmail.com
129;Keelia;Keelia.Carlson@yopmail.com
130;Verla;Verla.Millda@yopmail.com
131;Antonietta;Antonietta.Stanwood@yopmail.com
132;Noelle;Noelle.Joachim@yopmail.com
133;Stephanie;Stephanie.Serilda@yopmail.com
134;Audrie;Audrie.Brotherson@yopmail.com
135;Ruthe;Ruthe.Valerio@yopmail.com
136;Demetris;Demetris.Carmena@yopmail.com
137;Gilligan;Gilligan.Henrie@yopmail.com
138;Debee;Debee.Jarib@yopmail.com
139;Rubie;Rubie.Mich@yopmail.com
140;Norine;Norine.Gavrila@yopmail.com
141;Joy;Joy.Westphal@yopmail.com
142;Tabbatha;Tabbatha.Oneida@yopmail.com
143;Calla;Calla.Bord@yopmail.com
144;Nyssa;Nyssa.Bohlin@yopmail.com
145;Sean;Sean.Granoff@yopmail.com
146;Alejandra;Alejandra.Gower@yopmail.com
147;Bibby;Bibby.Loring@yopmail.com
148;Nicoli;Nicoli.Sancho@yopmail.com
149;Adriana;Adriana.Daniele@yopmail.com
150;Juliane;Juliane.Noman@yopmail.com
151;Madalyn;Madalyn.Pozzy@yopmail.com
152;Hannis;Hannis.Oscar@yopmail.com
153;Tani;Tani.Lubin@yopmail.com
154;Phylis;Phylis.Bari@yopmail.com
155;Susette;Susette.Parette@yopmail.com
156;Moyna;Moyna.Fitzsimmons@yopmail.com
157;Marcy;Marcy.Astra@yopmail.com
158;Sharlene;Sharlene.Grobe@yopmail.com
159;Madeleine;Madeleine.Ries@yopmail.com
160;Janey;Janey.Tarrant@yopmail.com
161;Caritta;Caritta.Eliathas@yopmail.com
162;Elfreda;Elfreda.Pulsifer@yopmail.com
163;Joeann;Joeann.Ferino@yopmail.com
164;Blinni;Blinni.Rese@yopmail.com
165;Donetta;Donetta.Shelba@yopmail.com
166;Bernie;Bernie.Parette@yopmail.com
167;Orsola;Orsola.Gilmour@yopmail.com
168;Tonia;Tonia.Belanger@yopmail.com
169;Coral;Coral.Emerson@yopmail.com
170;Joy;Joy.Ammann@yopmail.com
171;Fidelia;Fidelia.Chem@yopmail.com
172;Barbi;Barbi.Koziara@yopmail.com
173;Deedee;Deedee.Iaverne@yopmail.com
174;Lulita;Lulita.Nickola@yopmail.com
175;Roberta;Roberta.Audly@yopmail.com
176;Brianna;Brianna.Audly@yopmail.com
177;Tabbatha;Tabbatha.Weaks@yopmail.com
178;Danny;Danny.Shanley@yopmail.com
179;Lynea;Lynea.Kress@yopmail.com
180;Alex;Alex.Clarissa@yopmail.com
181;Kirstin;Kirstin.Llovera@yopmail.com
182;Nessie;Nessie.Chobot@yopmail.com
183;Cordi;Cordi.Morehouse@yopmail.com
184;Malina;Malina.Goode@yopmail.com
185;Kayla;Kayla.Hailee@yopmail.com
186;Elfreda;Elfreda.Aprile@yopmail.com
187;Averyl;Averyl.Merriott@yopmail.com
188;Rani;Rani.Nelsen@yopmail.com
189;Zia;Zia.Latini@yopmail.com
190;Iseabal;Iseabal.Sacken@yopmail.com
191;Annabela;Annabela.Kronfeld@yopmail.com
192;Marleah;Marleah.Mayeda@yopmail.com
193;Linet;Linet.Lauraine@yopmail.com
194;Lynde;Lynde.Campball@yopmail.com
195;Isa;Isa.Grayce@yopmail.com
196;Micheline;Micheline.Pelagias@yopmail.com
197;Gwenneth;Gwenneth.Gaspard@yopmail.com
198;Adelle;Adelle.Faust@yopmail.com
199;Annora;Annora.Ferino@yopmail.com
200;Marcy;Marcy.Tiffa@yopmail.com
201;Frank;Frank.Quent@yopmail.com
202;Delilah;Delilah.Pacorro@yopmail.com
203;Andeee;Andeee.Redmond@yopmail.com
204;Bernardine;Bernardine.Sisile@yopmail.com
205;Collen;Collen.Atcliffe@yopmail.com
206;Genovera;Genovera.Minetta@yopmail.com
207;Sidoney;Sidoney.Rosette@yopmail.com
208;Shaine;Shaine.Gemini@yopmail.com
209;Anallese;Anallese.Wolfgram@yopmail.com
210;Johna;Johna.Ade@yopmail.com
211;Dennie;Dennie.Cath@yopmail.com
212;Selma;Selma.Jobi@yopmail.com
213;Margarette;Margarette.Trace@yopmail.com
214;Darlleen;Darlleen.Ader@yopmail.com
215;Konstance;Konstance.Ashely@yopmail.com
216;Priscilla;Priscilla.Lesley@yopmail.com
217;Coral;Coral.Harned@yopmail.com
218;Addia;Addia.Hollingsworth@yopmail.com
219;Daryl;Daryl.Borrell@yopmail.com
220;Fred;Fred.Yam@yopmail.com
221;Belinda;Belinda.Ailyn@yopmail.com
222;Violet;Violet.Firmin@yopmail.com
223;Rochette;Rochette.Shanley@yopmail.com
224;Maridel;Maridel.Pierette@yopmail.com
225;Zaria;Zaria.Even@yopmail.com
226;Krystle;Krystle.Noman@yopmail.com
227;Louella;Louella.Oster@yopmail.com
228;Harrietta;Harrietta.Ophelia@yopmail.com
229;Caryl;Caryl.Carey@yopmail.com
230;Hope;Hope.Dominy@yopmail.com
231;Chickie;Chickie.Diogenes@yopmail.com
232;Dolli;Dolli.Schenck@yopmail.com
233;Desirae;Desirae.Mendez@yopmail.com
234;Fernande;Fernande.Koehler@yopmail.com
235;Meghann;Meghann.Gualtiero@yopmail.com
236;Natka;Natka.Nedrud@yopmail.com
237;Moyna;Moyna.Pascia@yopmail.com
238;Selia;Selia.Ophelia@yopmail.com
239;Riannon;Riannon.Gert@yopmail.com
240;Jemie;Jemie.Autrey@yopmail.com
241;Jaime;Jaime.Oscar@yopmail.com
242;Max;Max.Bonilla@yopmail.com
243;Misha;Misha.Dielu@yopmail.com
244;Valeda;Valeda.Marden@yopmail.com
245;Mary;Mary.Schonfeld@yopmail.com
246;Mallory;Mallory.Freddi@yopmail.com
247;Jemie;Jemie.My@yopmail.com
248;Valli;Valli.Randene@yopmail.com
249;Shirlee;Shirlee.Moina@yopmail.com
250;Benita;Benita.Flita@yopmail.com
251;Eolanda;Eolanda.Sasnett@yopmail.com
252;Aurelie;Aurelie.Mata@yopmail.com
253;Gale;Gale.Ackerley@yopmail.com
254;Rubie;Rubie.Yam@yopmail.com
255;Ginnie;Ginnie.Penelopa@yopmail.com
256;June;June.Lorenz@yopmail.com
257;Alexine;Alexine.Moina@yopmail.com
258;Augustine;Augustine.Jerald@yopmail.com
259;Atlanta;Atlanta.Ramona@yopmail.com
260;Merci;Merci.Meter@yopmail.com
261;Alexine;Alexine.Zenas@yopmail.com
262;Raquela;Raquela.Jillane@yopmail.com
263;Ursulina;Ursulina.Melan@yopmail.com
264;Melina;Melina.Herrera@yopmail.com
265;Shel;Shel.Schlosser@yopmail.com
266;Amelia;Amelia.Boycey@yopmail.com
267;Cherrita;Cherrita.Peti@yopmail.com
268;Meriel;Meriel.Bennie@yopmail.com
269;Hannis;Hannis.Jaylene@yopmail.com
270;Etta;Etta.Creamer@yopmail.com
271;Marline;Marline.Stelle@yopmail.com
272;Fredericka;Fredericka.Hortensia@yopmail.com
273;Elmira;Elmira.Ahab@yopmail.com
274;Aurelie;Aurelie.Dex@yopmail.com
275;Viki;Viki.Cloris@yopmail.com
276;Lanna;Lanna.Zina@yopmail.com
277;Ellette;Ellette.Arathorn@yopmail.com
278;Marnia;Marnia.Uird@yopmail.com
279;Darci;Darci.Tound@yopmail.com
280;Sybille;Sybille.Gaulin@yopmail.com
281;Maisey;Maisey.Arquit@yopmail.com
282;Agnese;Agnese.Peti@yopmail.com
283;Ernesta;Ernesta.Beebe@yopmail.com
284;Sophia;Sophia.Hortensia@yopmail.com
285;Brena;Brena.Bandeen@yopmail.com
286;Barbi;Barbi.Revkah@yopmail.com
287;Joceline;Joceline.Gaal@yopmail.com
288;Meg;Meg.Colyer@yopmail.com
289;Zia;Zia.Kaete@yopmail.com
290;Nananne;Nananne.Morrill@yopmail.com
291;Glynnis;Glynnis.Cloris@yopmail.com
292;Ellette;Ellette.Bartlett@yopmail.com
293;Myriam;Myriam.Bari@yopmail.com
294;Agathe;Agathe.Orelee@yopmail.com
295;Kara-Lynn;Kara-Lynn.Vanni@yopmail.com
296;Ofilia;Ofilia.Merna@yopmail.com
297;Winifred;Winifred.Gerge@yopmail.com
298;Leeanne;Leeanne.Bates@yopmail.com
299;Maurene;Maurene.Loring@yopmail.com
300;Kamilah;Kamilah.Borrell@yopmail.com
301;Arlena;Arlena.Ashok@yopmail.com
302;Selia;Selia.Chobot@yopmail.com
303;Marjie;Marjie.Primalia@yopmail.com
304;Jasmina;Jasmina.Toor@yopmail.com
305;Catrina;Catrina.Denis@yopmail.com
306;Siana;Siana.Adlare@yopmail.com
307;Blake;Blake.Chesna@yopmail.com
308;Fanchon;Fanchon.Rogerio@yopmail.com
309;Queenie;Queenie.Stefa@yopmail.com
310;Clary;Clary.Jehu@yopmail.com
311;Sue;Sue.Kenwood@yopmail.com
312;Hayley;Hayley.Natica@yopmail.com
313;Vinita;Vinita.Ashely@yopmail.com
314;Moyna;Moyna.Jary@yopmail.com
315;Lexine;Lexine.Maples@yopmail.com
316;Luci;Luci.Merell@yopmail.com
317;Katleen;Katleen.Papageno@yopmail.com
318;Clary;Clary.Letsou@yopmail.com
319;Misha;Misha.Tjon@yopmail.com
320;Liana;Liana.Ezar@yopmail.com
321;Ana;Ana.Noelyn@yopmail.com
322;Lanna;Lanna.Klotz@yopmail.com
323;Celestyna;Celestyna.Hoenack@yopmail.com
324;Allyce;Allyce.Liebermann@yopmail.com
325;Viki;Viki.Pyle@yopmail.com
326;Louella;Louella.Haerr@yopmail.com
327;Dorthy;Dorthy.Alabaster@yopmail.com
328;Winny;Winny.Millda@yopmail.com
329;Merry;Merry.Vittoria@yopmail.com
330;June;June.Pond@yopmail.com
331;Ardys;Ardys.Vary@yopmail.com
332;Pollyanna;Pollyanna.Cullin@yopmail.com
333;Cherrita;Cherrita.Smitt@yopmail.com
334;Carilyn;Carilyn.Malanie@yopmail.com
335;Gratia;Gratia.Maisey@yopmail.com
336;Ekaterina;Ekaterina.Catie@yopmail.com
337;Marinna;Marinna.Salchunas@yopmail.com
338;Stephanie;Stephanie.Hoban@yopmail.com
339;Briney;Briney.Smitt@yopmail.com
340;Roslyn;Roslyn.Danby@yopmail.com
341;Corry;Corry.Lutero@yopmail.com
342;Maurene;Maurene.Ranjiv@yopmail.com
343;Monika;Monika.Mitzi@yopmail.com
344;Christy;Christy.Hieronymus@yopmail.com
345;Kristan;Kristan.Jarib@yopmail.com
346;Carolina;Carolina.Leonard@yopmail.com
347;Joane;Joane.Hachmin@yopmail.com
348;Elie;Elie.Junie@yopmail.com
349;Felice;Felice.Skurnik@yopmail.com
350;Rhoda;Rhoda.Annabella@yopmail.com
351;Cindelyn;Cindelyn.Milde@yopmail.com
352;Clementine;Clementine.Rosemary@yopmail.com
353;Nataline;Nataline.Bivins@yopmail.com
354;Jerry;Jerry.Ammann@yopmail.com
355;Shauna;Shauna.Larochelle@yopmail.com
356;Lisette;Lisette.Fillbert@yopmail.com
357;Ursulina;Ursulina.Tayib@yopmail.com
358;Meriel;Meriel.Tremayne@yopmail.com
359;Tina;Tina.MacIntosh@yopmail.com
360;Luci;Luci.Pattin@yopmail.com
361;Anestassia;Anestassia.Sheng@yopmail.com
362;Elsie;Elsie.Leonard@yopmail.com
363;Giustina;Giustina.Sprage@yopmail.com
364;Brooks;Brooks.Tamsky@yopmail.com
365;Wanda;Wanda.Kalinda@yopmail.com
366;Wilma;Wilma.My@yopmail.com
367;Tobe;Tobe.Annabella@yopmail.com
368;Marjie;Marjie.Ortrude@yopmail.com
369;Kassey;Kassey.Izaak@yopmail.com
370;Desirae;Desirae.Goode@yopmail.com
371;Atlanta;Atlanta.Mayeda@yopmail.com
372;Alexine;Alexine.Girardo@yopmail.com
373;Dolli;Dolli.Baylor@yopmail.com
374;Ursulina;Ursulina.Whittaker@yopmail.com
375;Roslyn;Roslyn.Kamaria@yopmail.com
376;Meriel;Meriel.Slifka@yopmail.com
377;Dolli;Dolli.Boehike@yopmail.com
378;Odessa;Odessa.Cristi@yopmail.com
379;Marcelline;Marcelline.Posner@yopmail.com
380;Edee;Edee.Ambrosia@yopmail.com
381;Charissa;Charissa.Grayce@yopmail.com
382;Annice;Annice.Giule@yopmail.com
383;Myriam;Myriam.Lunsford@yopmail.com
384;Mamie;Mamie.Lowry@yopmail.com
385;Elena;Elena.Baptlsta@yopmail.com
386;Sindee;Sindee.Eckblad@yopmail.com
387;Danika;Danika.Cristi@yopmail.com
388;Chickie;Chickie.Nester@yopmail.com
389;Merrie;Merrie.Vary@yopmail.com
390;Charmaine;Charmaine.Delp@yopmail.com
391;Abbie;Abbie.Ehrman@yopmail.com
392;Lorne;Lorne.Rurik@yopmail.com
393;Jolyn;Jolyn.Ietta@yopmail.com
394;Gale;Gale.Eachern@yopmail.com
395;Tierney;Tierney.Socha@yopmail.com
396;Cassandra;Cassandra.Vilma@yopmail.com
397;Brena;Brena.Jillane@yopmail.com
398;Suzette;Suzette.Lamoree@yopmail.com
399;Celisse;Celisse.Zina@yopmail.com
400;Vinita;Vinita.Cristi@yopmail.com
401;Philis;Philis.Andrel@yopmail.com
402;Malina;Malina.Kellby@yopmail.com
403;Florie;Florie.Richers@yopmail.com
404;Brynna;Brynna.Chandler@yopmail.com
405;Ottilie;Ottilie.Maryanne@yopmail.com
406;Sherrie;Sherrie.Bronk@yopmail.com
407;Bettine;Bettine.Geffner@yopmail.com
408;Leona;Leona.Fiester@yopmail.com
409;Caryl;Caryl.Kesley@yopmail.com
410;Lynde;Lynde.Raama@yopmail.com
411;Rosabelle;Rosabelle.Wind@yopmail.com
412;Sibella;Sibella.Dearborn@yopmail.com
413;Keelia;Keelia.Smitt@yopmail.com
414;Clary;Clary.Gladstone@yopmail.com
415;Lindie;Lindie.Ezar@yopmail.com
416;Sissy;Sissy.Carmena@yopmail.com
417;Leanna;Leanna.Weaks@yopmail.com
418;Lita;Lita.Ruvolo@yopmail.com
419;Noelle;Noelle.Sperling@yopmail.com
420;Rhea;Rhea.Joni@yopmail.com
421;Trixi;Trixi.Cullin@yopmail.com
422;Dari;Dari.Peg@yopmail.com
423;Fred;Fred.Buttaro@yopmail.com
424;Lelah;Lelah.Niles@yopmail.com
425;Elise;Elise.Dunkin@yopmail.com
426;Leontine;Leontine.Ranjiv@yopmail.com
427;Ronna;Ronna.Reneta@yopmail.com
428;Iseabal;Iseabal.Jaylene@yopmail.com
429;Barbi;Barbi.Harday@yopmail.com
430;Rivalee;Rivalee.Colyer@yopmail.com
431;Lelah;Lelah.Adamsen@yopmail.com
432;Stevana;Stevana.Carbo@yopmail.com
433;Nyssa;Nyssa.McAdams@yopmail.com
434;Grier;Grier.Laurianne@yopmail.com
435;Sallie;Sallie.Kare@yopmail.com
436;Jsandye;Jsandye.Ivens@yopmail.com
437;Shauna;Shauna.Saree@yopmail.com
438;Anthia;Anthia.Monaco@yopmail.com
439;Ginnie;Ginnie.Tryck@yopmail.com
440;Shirlee;Shirlee.Fry@yopmail.com
441;Jeanna;Jeanna.Haerr@yopmail.com
442;Mireielle;Mireielle.Adalbert@yopmail.com
443;Dede;Dede.Junie@yopmail.com
444;Ernesta;Ernesta.Flita@yopmail.com
445;Adele;Adele.Wesle@yopmail.com
446;Ilse;Ilse.Jarib@yopmail.com
447;Helsa;Helsa.Fontana@yopmail.com
448;Dorice;Dorice.Dorcy@yopmail.com
449;Rivalee;Rivalee.Reidar@yopmail.com
450;Babita;Babita.Lauraine@yopmail.com
451;Lisette;Lisette.Esmaria@yopmail.com
452;Pearline;Pearline.Tamsky@yopmail.com
453;Nyssa;Nyssa.Magnolia@yopmail.com
454;Carlie;Carlie.Grayce@yopmail.com
455;Joceline;Joceline.Kimmie@yopmail.com
456;Libbie;Libbie.Tound@yopmail.com
457;Renie;Renie.Colleen@yopmail.com
458;Roseline;Roseline.Pillsbury@yopmail.com
459;Rosene;Rosene.Kaete@yopmail.com
460;Margette;Margette.Nunci@yopmail.com
461;Katharina;Katharina.Rad@yopmail.com
462;Heida;Heida.Gilmour@yopmail.com
463;Rochette;Rochette.Publia@yopmail.com
464;Sam;Sam.Ariella@yopmail.com
465;Suzette;Suzette.Merriott@yopmail.com
466;Mireielle;Mireielle.Teddman@yopmail.com
467;Mahalia;Mahalia.Rugen@yopmail.com
468;Rosene;Rosene.Radu@yopmail.com
469;Zondra;Zondra.Gino@yopmail.com
470;Farrah;Farrah.Borrell@yopmail.com
471;Catharine;Catharine.Malanie@yopmail.com
472;Silvana;Silvana.Alarise@yopmail.com
473;Caritta;Caritta.Narton@yopmail.com
474;Carolina;Carolina.Ioab@yopmail.com
475;Rosanne;Rosanne.Larochelle@yopmail.com
476;Jessy;Jessy.Alarise@yopmail.com
477;Talya;Talya.Jobi@yopmail.com
478;Robbi;Robbi.Ricarda@yopmail.com
479;Merle;Merle.Goddard@yopmail.com
480;Jennica;Jennica.Barrus@yopmail.com
481;Ida;Ida.Scammon@yopmail.com
482;Ivett;Ivett.Naashom@yopmail.com
483;Claresta;Claresta.Riva@yopmail.com
484;Marcy;Marcy.Laverne@yopmail.com
485;Sallie;Sallie.Laurianne@yopmail.com
486;Fidelia;Fidelia.Eachern@yopmail.com
487;Clementine;Clementine.Guildroy@yopmail.com
488;Feliza;Feliza.Raffo@yopmail.com
489;Aigneis;Aigneis.Tufts@yopmail.com
490;Brooks;Brooks.Tamar@yopmail.com
491;Agathe;Agathe.Colyer@yopmail.com
492;Vivia;Vivia.Poll@yopmail.com
493;Lizzie;Lizzie.Gemini@yopmail.com
494;Gilda;Gilda.Marisa@yopmail.com
495;Fawne;Fawne.Longfellow@yopmail.com
496;Hettie;Hettie.Dulciana@yopmail.com
497;Nannie;Nannie.Teryn@yopmail.com
498;Sandie;Sandie.Carvey@yopmail.com
499;Sabina;Sabina.Elisha@yopmail.com
500;Ethel;Ethel.Raseda@yopmail.com
501;Vonny;Vonny.Tiffa@yopmail.com
502;Dione;Dione.Serilda@yopmail.com
503;Tera;Tera.Holbrook@yopmail.com
504;Maurene;Maurene.Alva@yopmail.com
505;Eolanda;Eolanda.Desai@yopmail.com
506;Carree;Carree.Melan@yopmail.com
507;Dotty;Dotty.Goddard@yopmail.com
508;Binny;Binny.Ammann@yopmail.com
509;Chandra;Chandra.Lamoree@yopmail.com
510;Moyna;Moyna.Klotz@yopmail.com
511;Lila;Lila.Lay@yopmail.com
512;Marguerite;Marguerite.Jobi@yopmail.com
513;Mireielle;Mireielle.Kenwood@yopmail.com
514;Frances;Frances.Si@yopmail.com
515;Ermengarde;Ermengarde.Cavan@yopmail.com
516;Berget;Berget.Ivens@yopmail.com
517;Dacia;Dacia.Cleavland@yopmail.com
518;Lorne;Lorne.Damarra@yopmail.com
519;Kaia;Kaia.Pond@yopmail.com
520;Clarice;Clarice.MacIntosh@yopmail.com
521;Jobi;Jobi.Shaddock@yopmail.com
522;Madelle;Madelle.Wittie@yopmail.com
523;Celestyna;Celestyna.Hathaway@yopmail.com
524;Aeriela;Aeriela.Hanshaw@yopmail.com
525;Oona;Oona.Erich@yopmail.com
526;Pearline;Pearline.Erminia@yopmail.com
527;June;June.Giule@yopmail.com
528;Elora;Elora.Poppy@yopmail.com
529;Tami;Tami.Leifeste@yopmail.com
530;Shirlee;Shirlee.Ietta@yopmail.com
531;Isa;Isa.Holbrook@yopmail.com
532;Hayley;Hayley.Chrystel@yopmail.com
533;Karolina;Karolina.Merna@yopmail.com
534;Tamqrah;Tamqrah.Wilkinson@yopmail.com
535;Kore;Kore.Cleo@yopmail.com
536;Rochette;Rochette.Septima@yopmail.com
537;Leontine;Leontine.Rolf@yopmail.com
538;Catharine;Catharine.Ashely@yopmail.com
539;Mary;Mary.Birdella@yopmail.com
540;Mara;Mara.Gregrory@yopmail.com
541;Gale;Gale.Vernier@yopmail.com
542;Shaylyn;Shaylyn.Odell@yopmail.com
543;Merle;Merle.Even@yopmail.com
544;Madeleine;Madeleine.Helve@yopmail.com
545;Tobe;Tobe.Creamer@yopmail.com
546;Lanna;Lanna.Yate@yopmail.com
547;Zaria;Zaria.Cristi@yopmail.com
548;Wendi;Wendi.Anton@yopmail.com
549;Ketti;Ketti.Payson@yopmail.com
550;Marika;Marika.Norvol@yopmail.com
551;Valli;Valli.Mathilde@yopmail.com
552;Bill;Bill.Peg@yopmail.com
553;Jere;Jere.Couture@yopmail.com
554;Tybie;Tybie.Argus@yopmail.com
555;Gerianna;Gerianna.Autrey@yopmail.com
556;Alisha;Alisha.Vivle@yopmail.com
557;Fredericka;Fredericka.Hull@yopmail.com
558;Bobinette;Bobinette.Kunin@yopmail.com
559;Lory;Lory.Ashok@yopmail.com
560;Bernie;Bernie.Adalbert@yopmail.com
561;Eadie;Eadie.Dearborn@yopmail.com
562;Mallory;Mallory.Trace@yopmail.com
563;Tressa;Tressa.Adalbert@yopmail.com
564;Deane;Deane.Munn@yopmail.com
565;Berta;Berta.An@yopmail.com
566;Devina;Devina.Carbo@yopmail.com
567;Emylee;Emylee.Chapland@yopmail.com
568;Candy;Candy.Keelia@yopmail.com
569;Raf;Raf.Isacco@yopmail.com
570;Loree;Loree.Edison@yopmail.com
571;Edith;Edith.Schalles@yopmail.com
572;Gratia;Gratia.Irmine@yopmail.com
573;Reeba;Reeba.Cullin@yopmail.com
574;Clo;Clo.McLaughlin@yopmail.com
575;Kelly;Kelly.Maribeth@yopmail.com
576;Jasmina;Jasmina.Breed@yopmail.com
577;Netty;Netty.Gower@yopmail.com
578;Marleah;Marleah.Socha@yopmail.com
579;Kaia;Kaia.Janith@yopmail.com
580;Annice;Annice.Jeanne@yopmail.com
581;Bernardine;Bernardine.Mott@yopmail.com
582;Myrtice;Myrtice.Briney@yopmail.com
583;Maridel;Maridel.Byrne@yopmail.com
584;Viviene;Viviene.Wandie@yopmail.com
585;Stacey;Stacey.Greenwald@yopmail.com
586;Lorenza;Lorenza.Edee@yopmail.com
587;Brooks;Brooks.Aaberg@yopmail.com
588;Emma;Emma.Gregrory@yopmail.com
589;Hermione;Hermione.Eno@yopmail.com
590;Patricia;Patricia.Toni@yopmail.com
591;Elmira;Elmira.Sammons@yopmail.com
592;Candi;Candi.Rubie@yopmail.com
593;Millie;Millie.Gale@yopmail.com
594;Fawne;Fawne.Rosemary@yopmail.com
595;June;June.Halsey@yopmail.com
596;Shaylyn;Shaylyn.Mendez@yopmail.com
597;Dawn;Dawn.Bari@yopmail.com
598;Aubrie;Aubrie.Bari@yopmail.com
599;Ida;Ida.Dahlia@yopmail.com
600;Nicoli;Nicoli.Hillel@yopmail.com
601;Di;Di.Vins@yopmail.com
602;Sallie;Sallie.Leonard@yopmail.com
603;Trudie;Trudie.Breed@yopmail.com
604;Dagmar;Dagmar.Parette@yopmail.com
605;Genovera;Genovera.Swigart@yopmail.com
606;Grier;Grier.Danby@yopmail.com
607;Dianemarie;Dianemarie.Tice@yopmail.com
608;Chloris;Chloris.Iiette@yopmail.com
609;Lyssa;Lyssa.Bari@yopmail.com
610;Wynne;Wynne.Lymann@yopmail.com
611;Jere;Jere.Ries@yopmail.com
612;Belva;Belva.Moina@yopmail.com
613;Ezmeralda;Ezmeralda.Primalia@yopmail.com
614;Mignon;Mignon.Elsinore@yopmail.com
615;Cyndie;Cyndie.Darrell@yopmail.com
616;Addia;Addia.Leonard@yopmail.com
617;Carmela;Carmela.Chabot@yopmail.com
618;Orelia;Orelia.Raychel@yopmail.com
619;Gavrielle;Gavrielle.Irmine@yopmail.com
620;Mireielle;Mireielle.Screens@yopmail.com
621;Tilly;Tilly.Melony@yopmail.com
622;Lizzie;Lizzie.Crudden@yopmail.com
623;Dorene;Dorene.Orelee@yopmail.com
624;Marline;Marline.Pip@yopmail.com
625;Taffy;Taffy.Sholley@yopmail.com
626;Merry;Merry.Ajay@yopmail.com
627;Anestassia;Anestassia.Faro@yopmail.com
628;Orelia;Orelia.Francene@yopmail.com
629;Krystle;Krystle.Hortensia@yopmail.com
630;Frank;Frank.Remmer@yopmail.com
631;Gilda;Gilda.Kamaria@yopmail.com
632;Lanna;Lanna.Medrek@yopmail.com
633;Caressa;Caressa.Joli@yopmail.com
634;Eugine;Eugine.Waldron@yopmail.com
635;Anestassia;Anestassia.Phyllis@yopmail.com
636;Rivalee;Rivalee.Syd@yopmail.com
637;Jacquetta;Jacquetta.Hazlett@yopmail.com
638;Sibella;Sibella.Zenas@yopmail.com
639;Lilith;Lilith.Harriman@yopmail.com
640;Rivalee;Rivalee.Amand@yopmail.com
641;Constance;Constance.Thema@yopmail.com
642;Averyl;Averyl.Deegan@yopmail.com
643;Cathyleen;Cathyleen.Travax@yopmail.com
644;Frances;Frances.Ambrosia@yopmail.com
645;June;June.Pyle@yopmail.com
646;Bertine;Bertine.Deny@yopmail.com
647;Ottilie;Ottilie.Gunn@yopmail.com
648;Gusella;Gusella.Gunn@yopmail.com
649;Cyb;Cyb.Harriman@yopmail.com
650;Fredericka;Fredericka.Bevin@yopmail.com
651;Christy;Christy.Kathie@yopmail.com
652;Konstance;Konstance.Jalbert@yopmail.com
653;Shaylyn;Shaylyn.Wenoa@yopmail.com
654;Blake;Blake.Strephon@yopmail.com
655;Rubie;Rubie.Greenwald@yopmail.com
656;Morganica;Morganica.Wildermuth@yopmail.com
657;Dulcinea;Dulcinea.Suanne@yopmail.com
658;Larine;Larine.Loeb@yopmail.com
659;Judy;Judy.Haldas@yopmail.com
660;Neila;Neila.Sammons@yopmail.com
661;Phedra;Phedra.Jerald@yopmail.com
662;Genevra;Genevra.Egbert@yopmail.com
663;Penelopa;Penelopa.Christal@yopmail.com
664;Mireielle;Mireielle.Macey@yopmail.com
665;Kenna;Kenna.Abram@yopmail.com
666;Bobbi;Bobbi.Philipp@yopmail.com
667;Carol-Jean;Carol-Jean.Rebecka@yopmail.com
668;Julieta;Julieta.Karl@yopmail.com
669;Helena;Helena.Presber@yopmail.com
670;Jorry;Jorry.Lilas@yopmail.com
671;Eve;Eve.Lumbard@yopmail.com
672;Josephine;Josephine.Romelda@yopmail.com
673;Hildegaard;Hildegaard.Kenney@yopmail.com
674;Bobinette;Bobinette.Raimondo@yopmail.com
675;Gwyneth;Gwyneth.Delila@yopmail.com
676;Kate;Kate.Pearse@yopmail.com
677;Lynea;Lynea.Nisbet@yopmail.com
678;Marleah;Marleah.Melan@yopmail.com
679;Sheelagh;Sheelagh.Harriman@yopmail.com
680;Kaja;Kaja.Nicoline@yopmail.com
681;Nataline;Nataline.Bertold@yopmail.com
682;Clary;Clary.Sekofski@yopmail.com
683;Ardenia;Ardenia.Audly@yopmail.com
684;Gui;Gui.Vary@yopmail.com
685;Jany;Jany.Isidore@yopmail.com
686;Leia;Leia.Wadell@yopmail.com
687;Isa;Isa.Stoller@yopmail.com
688;Carilyn;Carilyn.Vins@yopmail.com
689;Agathe;Agathe.Slifka@yopmail.com
690;Fanchon;Fanchon.Dex@yopmail.com
691;Sarette;Sarette.Delacourt@yopmail.com
692;Fina;Fina.Clie@yopmail.com
693;Adelle;Adelle.Charmine@yopmail.com
694;Gisela;Gisela.Jeanne@yopmail.com
695;Tarra;Tarra.Mich@yopmail.com
696;Andree;Andree.Eugenia@yopmail.com
697;Nikki;Nikki.Bach@yopmail.com
698;Ketti;Ketti.Geffner@yopmail.com
699;Janeczka;Janeczka.Ball@yopmail.com
700;Brietta;Brietta.Gale@yopmail.com
701;Dagmar;Dagmar.Gerge@yopmail.com
702;Annabela;Annabela.Dominy@yopmail.com
703;Celestyna;Celestyna.Flyn@yopmail.com
704;Codie;Codie.Mitzi@yopmail.com
705;Kayla;Kayla.Frendel@yopmail.com
706;Bee;Bee.Dunkin@yopmail.com
707;Hildegaard;Hildegaard.Libna@yopmail.com
708;Lindie;Lindie.Rosette@yopmail.com
709;Joleen;Joleen.Deegan@yopmail.com
710;Drucie;Drucie.Hazlett@yopmail.com
711;Ekaterina;Ekaterina.Jehu@yopmail.com
712;Chere;Chere.Parette@yopmail.com
713;Meghann;Meghann.Velick@yopmail.com
714;Fina;Fina.Marijo@yopmail.com
715;Gianina;Gianina.Bates@yopmail.com
716;Starla;Starla.Duwalt@yopmail.com
717;Elmira;Elmira.Delacourt@yopmail.com
718;Feliza;Feliza.Blake@yopmail.com
719;Phylis;Phylis.Modie@yopmail.com
720;Dagmar;Dagmar.Junie@yopmail.com
721;Chloris;Chloris.Anis@yopmail.com
722;Chastity;Chastity.Bettine@yopmail.com
723;Nickie;Nickie.Burnside@yopmail.com
724;Micheline;Micheline.Caitlin@yopmail.com
725;Damaris;Damaris.Elbertina@yopmail.com
726;Corina;Corina.Haldas@yopmail.com
727;Chandra;Chandra.Ricki@yopmail.com
728;Shel;Shel.Anis@yopmail.com
729;Flo;Flo.Revkah@yopmail.com
730;Miquela;Miquela.Nickola@yopmail.com
731;Berta;Berta.Auberbach@yopmail.com
732;Angela;Angela.McNully@yopmail.com
733;Katleen;Katleen.Suk@yopmail.com
734;Sashenka;Sashenka.Corabella@yopmail.com
735;Agathe;Agathe.Fulmer@yopmail.com
736;Jolyn;Jolyn.Buckler@yopmail.com
737;Sybille;Sybille.Erich@yopmail.com
738;Winifred;Winifred.Anastatius@yopmail.com
739;Maisey;Maisey.Graig@yopmail.com
740;Shaine;Shaine.Klotz@yopmail.com
741;Barbara;Barbara.Havens@yopmail.com
742;Annabela;Annabela.Ietta@yopmail.com
743;Tracey;Tracey.Kirstin@yopmail.com
744;Carly;Carly.Buffum@yopmail.com
745;Konstance;Konstance.Rustice@yopmail.com
746;Kimmy;Kimmy.Infield@yopmail.com
747;Selma;Selma.Anyah@yopmail.com
748;Reeba;Reeba.Plato@yopmail.com
749;Willetta;Willetta.Penelopa@yopmail.com
750;Lisette;Lisette.Carlson@yopmail.com
751;Eadie;Eadie.Schalles@yopmail.com
752;Tera;Tera.Zuzana@yopmail.com
753;Tobe;Tobe.Lipson@yopmail.com
754;Katuscha;Katuscha.Noam@yopmail.com
755;Joy;Joy.Wilkinson@yopmail.com
756;Belinda;Belinda.Beebe@yopmail.com
757;Deedee;Deedee.Callista@yopmail.com
758;Mary;Mary.Ephrem@yopmail.com
759;Celene;Celene.Brandice@yopmail.com
760;Molli;Molli.Ader@yopmail.com
761;Wanda;Wanda.Zaslow@yopmail.com
762;Aurelie;Aurelie.Zina@yopmail.com
763;Siana;Siana.Katrine@yopmail.com
764;Gabi;Gabi.Susannah@yopmail.com
765;Rayna;Rayna.Ilka@yopmail.com
766;Harrietta;Harrietta.Sidonius@yopmail.com
767;Vita;Vita.Screens@yopmail.com
768;Kittie;Kittie.Adamsen@yopmail.com
769;Ann-Marie;Ann-Marie.Tayib@yopmail.com
770;Jobi;Jobi.Penelopa@yopmail.com
771;Corry;Corry.Carolin@yopmail.com
772;Cathyleen;Cathyleen.Alabaster@yopmail.com
773;Robbi;Robbi.Tice@yopmail.com
774;Sashenka;Sashenka.Natica@yopmail.com
775;Gusty;Gusty.Charity@yopmail.com
776;Shandie;Shandie.Sheng@yopmail.com
777;Marti;Marti.Sabella@yopmail.com
778;Nessie;Nessie.Gino@yopmail.com
779;Aigneis;Aigneis.Secrest@yopmail.com
780;Jasmina;Jasmina.Wildermuth@yopmail.com
781;Margette;Margette.Uund@yopmail.com
782;Xylina;Xylina.Noman@yopmail.com
783;Dorice;Dorice.Hanshaw@yopmail.com
784;Angela;Angela.Sekofski@yopmail.com
785;Cathie;Cathie.Marsden@yopmail.com
786;Rhoda;Rhoda.Boehike@yopmail.com
787;Jessamyn;Jessamyn.Sholley@yopmail.com
788;Suzette;Suzette.Dielu@yopmail.com
789;Joeann;Joeann.Fontana@yopmail.com
790;Fawne;Fawne.Rudolph@yopmail.com
791;Chickie;Chickie.Salvidor@yopmail.com
792;Clementine;Clementine.Minetta@yopmail.com
793;Lolita;Lolita.Felizio@yopmail.com
794;Heida;Heida.Markman@yopmail.com
795;Corry;Corry.Seumas@yopmail.com
796;Maurene;Maurene.Neils@yopmail.com
797;Ira;Ira.Neva@yopmail.com
798;Eve;Eve.Alabaster@yopmail.com
799;Korrie;Korrie.Wu@yopmail.com
800;Peri;Peri.Quinn@yopmail.com
801;Dulcinea;Dulcinea.Curren@yopmail.com
802;Chastity;Chastity.Tayib@yopmail.com
803;Janis;Janis.Christine@yopmail.com
804;Sibella;Sibella.Demitria@yopmail.com
805;Lusa;Lusa.Fitzsimmons@yopmail.com
806;Micheline;Micheline.Rillings@yopmail.com
807;Violet;Violet.Grimbly@yopmail.com
808;Joceline;Joceline.Arathorn@yopmail.com
809;Shell;Shell.Kevon@yopmail.com
810;Elvira;Elvira.Jefferey@yopmail.com
811;Nollie;Nollie.Goldina@yopmail.com
812;Teriann;Teriann.Jerald@yopmail.com
813;Jemie;Jemie.Papageno@yopmail.com
814;Chere;Chere.Bord@yopmail.com
815;Merle;Merle.Cohdwell@yopmail.com
816;Joeann;Joeann.Hedve@yopmail.com
817;Janeczka;Janeczka.Reinke@yopmail.com
818;Malina;Malina.Beebe@yopmail.com
819;Di;Di.Millda@yopmail.com
820;Blake;Blake.Marisa@yopmail.com
821;Charlena;Charlena.Chinua@yopmail.com
822;Ronna;Ronna.Syd@yopmail.com
823;Bibby;Bibby.Malina@yopmail.com
824;Juliane;Juliane.Marisa@yopmail.com
825;Winny;Winny.Cavan@yopmail.com
826;Elie;Elie.Noman@yopmail.com
827;Christal;Christal.Denis@yopmail.com
828;Millie;Millie.Adamsen@yopmail.com
829;Lynde;Lynde.Old@yopmail.com
830;Selma;Selma.Strephon@yopmail.com
831;Starla;Starla.Hoban@yopmail.com
832;Mahalia;Mahalia.Firmin@yopmail.com
833;Dede;Dede.Hathaway@yopmail.com
834;Elsie;Elsie.Devlen@yopmail.com
835;Dede;Dede.Diogenes@yopmail.com
836;Netty;Netty.Eno@yopmail.com
837;Augustine;Augustine.Gert@yopmail.com
838;Wynne;Wynne.Sawtelle@yopmail.com
839;Deloria;Deloria.Saint@yopmail.com
840;Jordan;Jordan.Burkle@yopmail.com
841;Queenie;Queenie.Lalitta@yopmail.com
842;Cassandra;Cassandra.Imelida@yopmail.com
843;Kirstin;Kirstin.Korey@yopmail.com
844;Eugine;Eugine.Cosenza@yopmail.com
845;Asia;Asia.Randene@yopmail.com
846;Riannon;Riannon.Lemuela@yopmail.com
847;Kathy;Kathy.Lacombe@yopmail.com
848;Philis;Philis.Ivens@yopmail.com
849;Viviene;Viviene.Abernon@yopmail.com
850;Marguerite;Marguerite.Dannye@yopmail.com
851;Albertina;Albertina.Cutlerr@yopmail.com
852;Kenna;Kenna.Clie@yopmail.com
853;Deloria;Deloria.Sophronia@yopmail.com
854;Kellen;Kellen.Wattenberg@yopmail.com
855;Jasmina;Jasmina.Means@yopmail.com
856;Rani;Rani.Hanleigh@yopmail.com
857;Katharina;Katharina.Liva@yopmail.com
858;Farrah;Farrah.Blase@yopmail.com
859;Pierette;Pierette.Terencio@yopmail.com
860;Aryn;Aryn.Shelba@yopmail.com
861;Layla;Layla.Natalia@yopmail.com
862;Angela;Angela.Katrine@yopmail.com
863;Wileen;Wileen.Giule@yopmail.com
864;Kate;Kate.Skell@yopmail.com
865;Blake;Blake.Vivle@yopmail.com
866;Cherilyn;Cherilyn.Frendel@yopmail.com
867;Hermione;Hermione.Idelia@yopmail.com
868;Theodora;Theodora.Olympium@yopmail.com
869;Janenna;Janenna.Demitria@yopmail.com
870;Beth;Beth.Lasley@yopmail.com
871;Giustina;Giustina.Seagraves@yopmail.com
872;Kimberley;Kimberley.Jammal@yopmail.com
873;Sarette;Sarette.Rozanna@yopmail.com
874;Stevana;Stevana.Gherardo@yopmail.com
875;Robinia;Robinia.Cyrie@yopmail.com
876;Jacquetta;Jacquetta.Melan@yopmail.com
877;Paule;Paule.Hutchison@yopmail.com
878;Wilma;Wilma.Dominy@yopmail.com
879;Karena;Karena.Wenda@yopmail.com
880;Trudie;Trudie.Brian@yopmail.com
881;Leontine;Leontine.Olympium@yopmail.com
882;Vivia;Vivia.Tice@yopmail.com
883;Petronia;Petronia.Pip@yopmail.com
884;Winifred;Winifred.Arquit@yopmail.com
885;Hayley;Hayley.Shuler@yopmail.com
886;Steffane;Steffane.Miru@yopmail.com
887;Kimmy;Kimmy.Ruvolo@yopmail.com
888;Marjie;Marjie.Lane@yopmail.com
889;Isa;Isa.Kevon@yopmail.com
890;Merci;Merci.Millda@yopmail.com
891;Georgina;Georgina.Edvard@yopmail.com
892;Averyl;Averyl.Catie@yopmail.com
893;Edee;Edee.Kiyoshi@yopmail.com
894;Gratia;Gratia.Larochelle@yopmail.com
895;Corina;Corina.Engdahl@yopmail.com
896;Rosanne;Rosanne.Greenwald@yopmail.com
897;Valera;Valera.Garlinda@yopmail.com
898;Tatiania;Tatiania.Dimitris@yopmail.com
899;Eolanda;Eolanda.Heidt@yopmail.com
900;Caritta;Caritta.Gavrila@yopmail.com
901;Aaren;Aaren.Swanhildas@yopmail.com
902;Valli;Valli.Publia@yopmail.com
903;Patricia;Patricia.Chinua@yopmail.com
904;Merci;Merci.Manolo@yopmail.com
905;Barbara;Barbara.Kolnick@yopmail.com
906;Cordi;Cordi.Azeria@yopmail.com
907;Vere;Vere.Lia@yopmail.com
908;Ricky;Ricky.Lanita@yopmail.com
909;Letizia;Letizia.Bord@yopmail.com
910;Kalina;Kalina.Strephon@yopmail.com
911;Merle;Merle.Cookie@yopmail.com
912;Bobbi;Bobbi.Felecia@yopmail.com
913;Ermengarde;Ermengarde.Stevy@yopmail.com
914;Blake;Blake.Hedve@yopmail.com
915;Dari;Dari.Carolin@yopmail.com
916;Correy;Correy.Melan@yopmail.com
917;Adele;Adele.Sikorski@yopmail.com
918;Frieda;Frieda.Knowling@yopmail.com
919;Theodora;Theodora.Byrne@yopmail.com
920;Yolane;Yolane.Chinua@yopmail.com
921;Lynde;Lynde.Malvino@yopmail.com
922;Roz;Roz.Woodberry@yopmail.com
923;Felice;Felice.MacIntosh@yopmail.com
924;Arlena;Arlena.Clara@yopmail.com
925;Farrah;Farrah.Giff@yopmail.com
926;Ketti;Ketti.Holbrook@yopmail.com
927;Kial;Kial.Emerson@yopmail.com
928;Esmeralda;Esmeralda.Ioab@yopmail.com
929;Halette;Halette.Levey@yopmail.com
930;Chandra;Chandra.Mandler@yopmail.com
931;Elsie;Elsie.Ferrell@yopmail.com
932;Sheree;Sheree.Viddah@yopmail.com
933;Sam;Sam.Oriana@yopmail.com
934;Bibby;Bibby.Croix@yopmail.com
935;Rayna;Rayna.Gaynor@yopmail.com
936;Roslyn;Roslyn.Aprile@yopmail.com
937;Eugine;Eugine.Uird@yopmail.com
938;Perry;Perry.Gualtiero@yopmail.com
939;Heddie;Heddie.Odysseus@yopmail.com
940;Clementine;Clementine.Howlyn@yopmail.com
941;Charmaine;Charmaine.Erb@yopmail.com
942;Wynne;Wynne.Connelly@yopmail.com
943;Averyl;Averyl.Stephie@yopmail.com
944;Hannis;Hannis.Lutero@yopmail.com
945;Janeczka;Janeczka.Henebry@yopmail.com
946;Chastity;Chastity.Longfellow@yopmail.com
947;Nataline;Nataline.Brenn@yopmail.com
948;Shandie;Shandie.Kaja@yopmail.com
949;Mariann;Mariann.Kylander@yopmail.com
950;Lynnea;Lynnea.Markman@yopmail.com
951;Tracey;Tracey.Sandye@yopmail.com
952;Giustina;Giustina.Georgy@yopmail.com
953;Kellen;Kellen.Annice@yopmail.com
954;Roz;Roz.Karylin@yopmail.com
955;Isa;Isa.Alcott@yopmail.com
956;Joelly;Joelly.Andrel@yopmail.com
957;Sallie;Sallie.Aurelio@yopmail.com
958;Frances;Frances.Francene@yopmail.com
959;Sam;Sam.Ferrell@yopmail.com
960;Sonni;Sonni.Berard@yopmail.com
961;Nessie;Nessie.Persse@yopmail.com
962;Joane;Joane.Hieronymus@yopmail.com
963;Aaren;Aaren.Edee@yopmail.com
964;Felice;Felice.Nerita@yopmail.com
965;Phedra;Phedra.Dichy@yopmail.com
966;Tera;Tera.Reinke@yopmail.com
967;Heddie;Heddie.Hollingsworth@yopmail.com
968;Monika;Monika.Ledah@yopmail.com
969;Selia;Selia.Land@yopmail.com
970;Mellicent;Mellicent.Couture@yopmail.com
971;Benita;Benita.August@yopmail.com
972;Dacia;Dacia.Bach@yopmail.com
973;Rhoda;Rhoda.Tillford@yopmail.com
974;Sarette;Sarette.Ax@yopmail.com
975;Micheline;Micheline.Bandeen@yopmail.com
976;Nanete;Nanete.Tarrant@yopmail.com
977;Dagmar;Dagmar.Bivins@yopmail.com
978;Bobinette;Bobinette.Bluh@yopmail.com
979;Wendi;Wendi.Sperling@yopmail.com
980;Malina;Malina.Jalbert@yopmail.com
981;Clarice;Clarice.Brenn@yopmail.com
982;Dania;Dania.Romelda@yopmail.com
983;Di;Di.Sheng@yopmail.com
984;Mariele;Mariele.Eachern@yopmail.com
985;Chastity;Chastity.Faust@yopmail.com
986;Deedee;Deedee.Medrek@yopmail.com
987;Frances;Frances.Margret@yopmail.com
988;Donnie;Donnie.Maiah@yopmail.com
989;Cyndie;Cyndie.Christal@yopmail.com
990;Dagmar;Dagmar.Lucienne@yopmail.com
991;Rozele;Rozele.Hanleigh@yopmail.com
992;Celisse;Celisse.Nore@yopmail.com
993;Rosanne;Rosanne.Alisia@yopmail.com
994;Shandie;Shandie.Peg@yopmail.com
995;Brietta;Brietta.Blase@yopmail.com
996;Deane;Deane.Tatianas@yopmail.com
997;Dione;Dione.Frodi@yopmail.com
998;Etta;Etta.Robertson@yopmail.com
999;Caressa;Caressa.Schwejda@yopmail.com
1000;Madelle;Madelle.Gower@yopmail.com
1001;Gwyneth;Gwyneth.Shields@yopmail.com
1002;Stacey;Stacey.Gwenore@yopmail.com
1003;Deloria;Deloria.Lunsford@yopmail.com
1004;Justinn;Justinn.Ferrell@yopmail.com
1005;Janenna;Janenna.Aurelio@yopmail.com
1006;Ricky;Ricky.Alcott@yopmail.com
1007;Gretal;Gretal.Naashom@yopmail.com
1008;Ardys;Ardys.Olin@yopmail.com
1009;Paulita;Paulita.Middleton@yopmail.com
1010;Susan;Susan.Craggie@yopmail.com
1011;Jinny;Jinny.Beebe@yopmail.com
1012;Layla;Layla.Karl@yopmail.com
1013;Fredericka;Fredericka.Randene@yopmail.com
1014;Hermione;Hermione.Lalitta@yopmail.com
1015;Addia;Addia.Middleton@yopmail.com
1016;Aimil;Aimil.Shelba@yopmail.com
1017;Mellicent;Mellicent.Vins@yopmail.com
1018;Hildegaard;Hildegaard.Edvard@yopmail.com
1019;Sybille;Sybille.Sothena@yopmail.com
1020;Jennica;Jennica.Jammal@yopmail.com
1021;Therine;Therine.Shelba@yopmail.com
1022;Gwenneth;Gwenneth.Sekofski@yopmail.com
1023;Annaliese;Annaliese.Taima@yopmail.com
1024;Krystle;Krystle.Stelle@yopmail.com
1025;Desirae;Desirae.Publia@yopmail.com
1026;Sidoney;Sidoney.Jagir@yopmail.com
1027;Queenie;Queenie.Melan@yopmail.com
1028;Gisela;Gisela.Tacye@yopmail.com
1029;Mady;Mady.Lowry@yopmail.com
1030;Tressa;Tressa.Kress@yopmail.com
1031;Paulita;Paulita.Damarra@yopmail.com
1032;Konstance;Konstance.Karl@yopmail.com
1033;Catharine;Catharine.Billye@yopmail.com
1034;Joceline;Joceline.Sisile@yopmail.com
1035;Marika;Marika.Allare@yopmail.com
1036;Nananne;Nananne.Sinegold@yopmail.com
1037;Delilah;Delilah.Kaete@yopmail.com
1038;Ingrid;Ingrid.Alisia@yopmail.com
1039;Maye;Maye.Horan@yopmail.com
1040;Janey;Janey.Hartnett@yopmail.com
1041;Orelia;Orelia.Gerge@yopmail.com
1042;Ivett;Ivett.Cottle@yopmail.com
1043;Karlee;Karlee.Iphlgenia@yopmail.com
1044;Pamella;Pamella.Ashely@yopmail.com
1045;Dagmar;Dagmar.Christine@yopmail.com
1046;Layla;Layla.Fabiola@yopmail.com
1047;Cindelyn;Cindelyn.Gert@yopmail.com
1048;Dotty;Dotty.Vernier@yopmail.com
1049;Corly;Corly.Turne@yopmail.com
1050;Audrie;Audrie.Ruvolo@yopmail.com
1051;Lyssa;Lyssa.McAdams@yopmail.com
1052;Livvyy;Livvyy.Colyer@yopmail.com
1053;Fayre;Fayre.Cassius@yopmail.com
1054;Rebeca;Rebeca.Daegal@yopmail.com
1055;Daune;Daune.Nikaniki@yopmail.com
1056;Elena;Elena.Allare@yopmail.com
1057;Diena;Diena.Hanleigh@yopmail.com
1058;Charissa;Charissa.Scammon@yopmail.com
1059;Lorie;Lorie.Raychel@yopmail.com
1060;Gloria;Gloria.Yoko@yopmail.com
1061;Lory;Lory.Cyrie@yopmail.com
1062;Gertrud;Gertrud.Orelee@yopmail.com
1063;Diena;Diena.Prober@yopmail.com
1064;Gavrielle;Gavrielle.Camden@yopmail.com
1065;Miquela;Miquela.Brady@yopmail.com
1066;Leontine;Leontine.Ochs@yopmail.com
1067;Evaleen;Evaleen.Barbey@yopmail.com
1068;Jacenta;Jacenta.Othilia@yopmail.com
1069;Consuela;Consuela.Cressida@yopmail.com
1070;Dotty;Dotty.Carleen@yopmail.com
1071;Augustine;Augustine.Brodench@yopmail.com
1072;Tera;Tera.Ephrem@yopmail.com
1073;Paulita;Paulita.Clywd@yopmail.com
1074;Molli;Molli.Sinegold@yopmail.com
1075;Beth;Beth.Earlie@yopmail.com
1076;Hermione;Hermione.Adalbert@yopmail.com
1077;Julieta;Julieta.Arathorn@yopmail.com
1078;Janeczka;Janeczka.Rheingold@yopmail.com
1079;Christal;Christal.Hedve@yopmail.com
1080;Meriel;Meriel.Briney@yopmail.com
1081;Janenna;Janenna.Tybald@yopmail.com
1082;Jinny;Jinny.Nester@yopmail.com
1083;Katuscha;Katuscha.Alexandr@yopmail.com
1084;Lusa;Lusa.Santoro@yopmail.com
1085;Melisent;Melisent.Mehalek@yopmail.com
1086;Carly;Carly.Michella@yopmail.com
1087;Asia;Asia.Hull@yopmail.com
1088;Veda;Veda.Lea@yopmail.com
1089;Thalia;Thalia.Etom@yopmail.com
1090;Rhea;Rhea.Lamoree@yopmail.com
1091;Ann-Marie;Ann-Marie.Naashom@yopmail.com
1092;Alyssa;Alyssa.Toni@yopmail.com
1093;Hayley;Hayley.Jacqui@yopmail.com
1094;Layla;Layla.Christine@yopmail.com
1095;Berget;Berget.Harl@yopmail.com
1096;Rivalee;Rivalee.Sacken@yopmail.com
1097;Doro;Doro.Tarrant@yopmail.com
1098;Marsiella;Marsiella.Kinnard@yopmail.com
1099;Aaren;Aaren.Rebecka@yopmail.com
